day,project,usd_volume
2020-08-01T00:00:00+00:00,Uniswap,111949046.44292141
2020-08-02T00:00:00+00:00,Uniswap,99057766.99964274
2020-08-03T00:00:00+00:00,Uniswap,98828534.9238541
2020-08-04T00:00:00+00:00,Uniswap,95631939.82938324
2020-08-05T00:00:00+00:00,Uniswap,91283605.03958756
2020-08-06T00:00:00+00:00,Uniswap,92658912.99186043
2020-08-07T00:00:00+00:00,Uniswap,139438901.30658486
2020-08-08T00:00:00+00:00,Uniswap,141243474.50929853
2020-08-09T00:00:00+00:00,Uniswap,167926822.70480627
2020-08-10T00:00:00+00:00,Uniswap,257178517.02966997
2020-08-11T00:00:00+00:00,Uniswap,191612410.1057805
2020-08-12T00:00:00+00:00,Uniswap,276682661.01246643
2020-08-13T00:00:00+00:00,Uniswap,254628427.7550196
2020-08-14T00:00:00+00:00,Uniswap,221354088.1510908
2020-08-15T00:00:00+00:00,Uniswap,173678206.18428975
2020-08-16T00:00:00+00:00,Uniswap,185344542.81620228
2020-08-17T00:00:00+00:00,Uniswap,194483990.9367223
2020-08-18T00:00:00+00:00,Uniswap,251300724.71898317
2020-08-19T00:00:00+00:00,Uniswap,222036994.7738649
2020-08-20T00:00:00+00:00,Uniswap,235602096.83526024
2020-08-21T00:00:00+00:00,Uniswap,271378052.45627046
2020-08-22T00:00:00+00:00,Uniswap,181965128.06509462
2020-08-23T00:00:00+00:00,Uniswap,173952928.62229896
2020-08-24T00:00:00+00:00,Uniswap,217696270.11192572
2020-08-25T00:00:00+00:00,Uniswap,207117416.91882744
2020-08-26T00:00:00+00:00,Uniswap,220458513.42701045
2020-08-27T00:00:00+00:00,Uniswap,181999737.47438705
2020-08-28T00:00:00+00:00,Uniswap,249996073.81517375
2020-08-29T00:00:00+00:00,Uniswap,344505684.8172283
2020-08-30T00:00:00+00:00,Uniswap,562683159.222804
2020-08-31T00:00:00+00:00,Uniswap,637890319.1397436
2020-09-01T00:00:00+00:00,Uniswap,1011120206.2384772
2020-09-02T00:00:00+00:00,Uniswap,1007385608.6704206
2020-09-03T00:00:00+00:00,Uniswap,928709991.1421561
2020-09-04T00:00:00+00:00,Sushiswap,256.506333345455
2020-09-04T00:00:00+00:00,Uniswap,633354880.1240178
2020-09-05T00:00:00+00:00,Sushiswap,600.477419816012
2020-09-05T00:00:00+00:00,Uniswap,887811893.5461844
2020-09-06T00:00:00+00:00,Sushiswap,547.112873182712
2020-09-06T00:00:00+00:00,Uniswap,695119900.8445199
2020-09-07T00:00:00+00:00,Sushiswap,154.28252118778
2020-09-07T00:00:00+00:00,Uniswap,484285962.96128106
2020-09-08T00:00:00+00:00,Sushiswap,119.4011527067164
2020-09-08T00:00:00+00:00,Uniswap,425363182.634998
2020-09-09T00:00:00+00:00,Sushiswap,37047726.5987326
2020-09-09T00:00:00+00:00,Uniswap,470104670.0094123
2020-09-10T00:00:00+00:00,Sushiswap,275457779.7141239
2020-09-10T00:00:00+00:00,Uniswap,464422014.3646867
2020-09-11T00:00:00+00:00,Sushiswap,209636448.31402653
2020-09-11T00:00:00+00:00,Uniswap,362243484.1347934
2020-09-12T00:00:00+00:00,Sushiswap,204113550.653648
2020-09-12T00:00:00+00:00,Uniswap,352569266.7325293
2020-09-13T00:00:00+00:00,Sushiswap,174362840.56981432
2020-09-13T00:00:00+00:00,Uniswap,449341420.72248656
2020-09-14T00:00:00+00:00,Sushiswap,157019970.97148186
2020-09-14T00:00:00+00:00,Uniswap,521824344.6578602
2020-09-15T00:00:00+00:00,Sushiswap,198726341.05125728
2020-09-15T00:00:00+00:00,Uniswap,456090119.71584046
2020-09-16T00:00:00+00:00,Sushiswap,153980175.45829418
2020-09-16T00:00:00+00:00,Uniswap,414808268.6033945
2020-09-17T00:00:00+00:00,Sushiswap,121814814.22627538
2020-09-17T00:00:00+00:00,Uniswap,617985434.7169851
2020-09-18T00:00:00+00:00,Sushiswap,78988164.39311865
2020-09-18T00:00:00+00:00,Uniswap,670427765.7150038
2020-09-19T00:00:00+00:00,Sushiswap,83560173.97361334
2020-09-19T00:00:00+00:00,Uniswap,529602599.4357547
2020-09-20T00:00:00+00:00,Sushiswap,61966918.33804282
2020-09-20T00:00:00+00:00,Uniswap,429763263.57264096
2020-09-21T00:00:00+00:00,Sushiswap,82483145.88425522
2020-09-21T00:00:00+00:00,Uniswap,506473948.06314987
2020-09-22T00:00:00+00:00,Sushiswap,46207441.46462408
2020-09-22T00:00:00+00:00,Uniswap,375742745.2701635
2020-09-23T00:00:00+00:00,Sushiswap,56581595.14995391
2020-09-23T00:00:00+00:00,Uniswap,399837401.6485863
2020-09-24T00:00:00+00:00,Sushiswap,53912697.4608207
2020-09-24T00:00:00+00:00,Uniswap,313346179.56470823
2020-09-25T00:00:00+00:00,Sushiswap,41563936.77387497
2020-09-25T00:00:00+00:00,Uniswap,289987858.4325937
2020-09-26T00:00:00+00:00,Sushiswap,33185437.97783821
2020-09-26T00:00:00+00:00,Uniswap,273353799.2557892
2020-09-27T00:00:00+00:00,Sushiswap,38218156.041533194
2020-09-27T00:00:00+00:00,Uniswap,337224374.37052053
2020-09-28T00:00:00+00:00,Sushiswap,30607086.659726582
2020-09-28T00:00:00+00:00,Uniswap,338628343.6157928
2020-09-29T00:00:00+00:00,Sushiswap,80731278.37300129
2020-09-29T00:00:00+00:00,Uniswap,406208530.48991364
2020-09-30T00:00:00+00:00,Sushiswap,49625028.22770869
2020-09-30T00:00:00+00:00,Uniswap,318807276.3346129
2020-10-01T00:00:00+00:00,Sushiswap,56554930.06652596
2020-10-01T00:00:00+00:00,Uniswap,408462914.34294236
2020-10-02T00:00:00+00:00,Sushiswap,58339302.64718257
2020-10-02T00:00:00+00:00,Uniswap,486213045.60829914
2020-10-03T00:00:00+00:00,Sushiswap,26228203.792667396
2020-10-03T00:00:00+00:00,Uniswap,320245102.1724817
2020-10-04T00:00:00+00:00,Sushiswap,49479380.74876153
2020-10-04T00:00:00+00:00,Uniswap,362335848.203071
2020-10-05T00:00:00+00:00,Sushiswap,27650204.046137415
2020-10-05T00:00:00+00:00,Uniswap,320470625.10162246
2020-10-06T00:00:00+00:00,Sushiswap,40245205.043965325
2020-10-06T00:00:00+00:00,Uniswap,469252430.153911
2020-10-07T00:00:00+00:00,Sushiswap,53304966.2533172
2020-10-07T00:00:00+00:00,Uniswap,373931862.04830265
2020-10-08T00:00:00+00:00,Sushiswap,54784062.44282851
2020-10-08T00:00:00+00:00,Uniswap,364701279.72279716
2020-10-09T00:00:00+00:00,Sushiswap,40173600.91925827
2020-10-09T00:00:00+00:00,Uniswap,320382628.68451977
2020-10-10T00:00:00+00:00,Sushiswap,27509635.96511731
2020-10-10T00:00:00+00:00,Uniswap,288031949.6517962
2020-10-11T00:00:00+00:00,Sushiswap,28216948.75695345
2020-10-11T00:00:00+00:00,Uniswap,238675446.02193794
2020-10-12T00:00:00+00:00,Sushiswap,25267032.23221788
2020-10-12T00:00:00+00:00,Uniswap,312552362.641813
2020-10-13T00:00:00+00:00,Sushiswap,16164298.193966899
2020-10-13T00:00:00+00:00,Uniswap,261054749.02508193
2020-10-14T00:00:00+00:00,Sushiswap,23181620.569197226
2020-10-14T00:00:00+00:00,Uniswap,352880984.73997307
2020-10-15T00:00:00+00:00,Sushiswap,19962141.244973004
2020-10-15T00:00:00+00:00,Uniswap,259175616.38783997
2020-10-16T00:00:00+00:00,Sushiswap,20128117.74455126
2020-10-16T00:00:00+00:00,Uniswap,222058166.0325798
2020-10-17T00:00:00+00:00,Sushiswap,12207394.918499688
2020-10-17T00:00:00+00:00,Uniswap,170986869.57242036
2020-10-18T00:00:00+00:00,Sushiswap,18119468.93222439
2020-10-18T00:00:00+00:00,Uniswap,178625662.1543234
2020-10-19T00:00:00+00:00,Sushiswap,16801817.679986253
2020-10-19T00:00:00+00:00,Uniswap,209201364.05435315
2020-10-20T00:00:00+00:00,Sushiswap,21430370.31666457
2020-10-20T00:00:00+00:00,Uniswap,240247471.439074
2020-10-21T00:00:00+00:00,Sushiswap,34771220.22847508
2020-10-21T00:00:00+00:00,Uniswap,323015615.3959019
2020-10-22T00:00:00+00:00,Sushiswap,26118622.038660504
2020-10-22T00:00:00+00:00,Uniswap,274888448.4258369
2020-10-23T00:00:00+00:00,Sushiswap,16098258.70537153
2020-10-23T00:00:00+00:00,Uniswap,251067476.8198803
2020-10-24T00:00:00+00:00,Sushiswap,11603256.931085786
2020-10-24T00:00:00+00:00,Uniswap,161295630.6128654
2020-10-25T00:00:00+00:00,Sushiswap,11484508.14852579
2020-10-25T00:00:00+00:00,Uniswap,181461531.91431585
2020-10-26T00:00:00+00:00,Sushiswap,25521996.09271212
2020-10-26T00:00:00+00:00,Uniswap,2227585296.7386785
2020-10-27T00:00:00+00:00,Sushiswap,22135683.938957162
2020-10-27T00:00:00+00:00,Uniswap,229110988.9827641
2020-10-28T00:00:00+00:00,Sushiswap,26055511.73106004
2020-10-28T00:00:00+00:00,Uniswap,422383933.80776674
2020-10-29T00:00:00+00:00,Sushiswap,25398611.453061484
2020-10-29T00:00:00+00:00,Uniswap,361268764.3381742
2020-10-30T00:00:00+00:00,Sushiswap,29589169.024013255
2020-10-30T00:00:00+00:00,Uniswap,373148499.1028268
2020-10-31T00:00:00+00:00,Sushiswap,14353837.586576512
2020-10-31T00:00:00+00:00,Uniswap,253269623.7972187
2020-11-01T00:00:00+00:00,Sushiswap,14627987.660593886
2020-11-01T00:00:00+00:00,Uniswap,197531005.84837657
2020-11-02T00:00:00+00:00,Sushiswap,14564467.162966335
2020-11-02T00:00:00+00:00,Uniswap,246551577.14949128
2020-11-03T00:00:00+00:00,Sushiswap,19432908.31449697
2020-11-03T00:00:00+00:00,Uniswap,244390594.3110744
2020-11-04T00:00:00+00:00,Sushiswap,22723107.90248439
2020-11-04T00:00:00+00:00,Uniswap,251070633.57318068
2020-11-05T00:00:00+00:00,Sushiswap,41111259.832490794
2020-11-05T00:00:00+00:00,Uniswap,318499787.5739566
2020-11-06T00:00:00+00:00,Sushiswap,45529597.11291589
2020-11-06T00:00:00+00:00,Uniswap,390418260.8667509
2020-11-07T00:00:00+00:00,Sushiswap,76900900.09099014
2020-11-07T00:00:00+00:00,Uniswap,432162752.17093503
2020-11-08T00:00:00+00:00,Sushiswap,31203633.64722146
2020-11-08T00:00:00+00:00,Uniswap,222977109.3519939
2020-11-09T00:00:00+00:00,Sushiswap,25994137.470539305
2020-11-09T00:00:00+00:00,Uniswap,275588957.2345691
2020-11-10T00:00:00+00:00,Sushiswap,35862913.764870964
2020-11-10T00:00:00+00:00,Uniswap,264163269.71599934
2020-11-11T00:00:00+00:00,Sushiswap,35983648.134082176
2020-11-11T00:00:00+00:00,Uniswap,262307507.26621175
2020-11-12T00:00:00+00:00,Sushiswap,27291389.635552358
2020-11-12T00:00:00+00:00,Uniswap,253515759.9720826
2020-11-13T00:00:00+00:00,Sushiswap,40732611.34394532
2020-11-13T00:00:00+00:00,Uniswap,279886599.63704646
2020-11-14T00:00:00+00:00,Sushiswap,39930953.77412663
2020-11-14T00:00:00+00:00,Uniswap,421004256.6700154
2020-11-15T00:00:00+00:00,Sushiswap,63087604.159848444
2020-11-15T00:00:00+00:00,Uniswap,257474230.47260413
2020-11-16T00:00:00+00:00,Sushiswap,54768842.32795289
2020-11-16T00:00:00+00:00,Uniswap,307766679.0639656
2020-11-17T00:00:00+00:00,Sushiswap,73342232.27371404
2020-11-17T00:00:00+00:00,Uniswap,431515727.7436503
2020-11-18T00:00:00+00:00,Sushiswap,107016146.93135417
2020-11-18T00:00:00+00:00,Uniswap,327642084.12625515
2020-11-19T00:00:00+00:00,Sushiswap,82618645.56696007
2020-11-19T00:00:00+00:00,Uniswap,286449587.84028935
2020-11-20T00:00:00+00:00,Sushiswap,103430565.61234277
2020-11-20T00:00:00+00:00,Uniswap,339156427.16032475
2020-11-21T00:00:00+00:00,Sushiswap,139015219.22330093
2020-11-21T00:00:00+00:00,Uniswap,414753963.3337122
2020-11-22T00:00:00+00:00,Sushiswap,165885366.07666603
2020-11-22T00:00:00+00:00,Uniswap,474213723.36961764
2020-11-23T00:00:00+00:00,Sushiswap,92546325.93603519
2020-11-23T00:00:00+00:00,Uniswap,416672427.73714566
2020-11-24T00:00:00+00:00,Sushiswap,103280992.04540615
2020-11-24T00:00:00+00:00,Uniswap,459733960.0916366
2020-11-25T00:00:00+00:00,Sushiswap,80954132.48668188
2020-11-25T00:00:00+00:00,Uniswap,338602950.1500091
2020-11-26T00:00:00+00:00,Sushiswap,224430321.682892
2020-11-26T00:00:00+00:00,Uniswap,749144065.8796798
2020-11-27T00:00:00+00:00,Sushiswap,70051897.33395022
2020-11-27T00:00:00+00:00,Uniswap,263006768.02157083
2020-11-28T00:00:00+00:00,Sushiswap,43343306.468813546
2020-11-28T00:00:00+00:00,Uniswap,206919624.7893264
2020-11-29T00:00:00+00:00,Sushiswap,37686829.226712525
2020-11-29T00:00:00+00:00,Uniswap,234111613.7705455
2020-11-30T00:00:00+00:00,Sushiswap,84455900.62349194
2020-11-30T00:00:00+00:00,Uniswap,352368638.9547132
2020-12-01T00:00:00+00:00,Sushiswap,139762590.93409222
2020-12-01T00:00:00+00:00,Uniswap,383802098.73791677
2020-12-02T00:00:00+00:00,Sushiswap,97626667.18878318
2020-12-02T00:00:00+00:00,Uniswap,289588012.5974671
2020-12-03T00:00:00+00:00,Sushiswap,72145366.50520168
2020-12-03T00:00:00+00:00,Uniswap,336275443.2729123
2020-12-04T00:00:00+00:00,Sushiswap,80642735.10950646
2020-12-04T00:00:00+00:00,Uniswap,349112145.09414387
2020-12-05T00:00:00+00:00,Sushiswap,74694286.17992389
2020-12-05T00:00:00+00:00,Uniswap,299018560.2986965
2020-12-06T00:00:00+00:00,Sushiswap,57133140.59331903
2020-12-06T00:00:00+00:00,Uniswap,417372747.96287113
2020-12-07T00:00:00+00:00,Sushiswap,53136710.78423096
2020-12-07T00:00:00+00:00,Uniswap,349163171.08355594
2020-12-08T00:00:00+00:00,Sushiswap,94748690.6482174
2020-12-08T00:00:00+00:00,Uniswap,431761426.4750862
2020-12-09T00:00:00+00:00,Sushiswap,75361557.40513462
2020-12-09T00:00:00+00:00,Uniswap,399719560.427708
2020-12-10T00:00:00+00:00,Sushiswap,67031072.38447116
2020-12-10T00:00:00+00:00,Uniswap,348028135.95031416
2020-12-11T00:00:00+00:00,Sushiswap,69723240.29302165
2020-12-11T00:00:00+00:00,Uniswap,348112673.9997196
2020-12-12T00:00:00+00:00,Sushiswap,45212726.80438318
2020-12-12T00:00:00+00:00,Uniswap,271060133.67046756
2020-12-13T00:00:00+00:00,Sushiswap,43679257.914747104
2020-12-13T00:00:00+00:00,Uniswap,274257548.2879024
2020-12-14T00:00:00+00:00,Sushiswap,44798363.23157601
2020-12-14T00:00:00+00:00,Uniswap,293391693.5771519
2020-12-15T00:00:00+00:00,Sushiswap,63054912.39125945
2020-12-15T00:00:00+00:00,Uniswap,330079835.29359996
2020-12-16T00:00:00+00:00,Sushiswap,93665120.09501663
2020-12-16T00:00:00+00:00,Uniswap,352604553.0012801
2020-12-17T00:00:00+00:00,Sushiswap,145705092.26929238
2020-12-17T00:00:00+00:00,Uniswap,920302180.750553
2020-12-18T00:00:00+00:00,Sushiswap,73326332.94689022
2020-12-18T00:00:00+00:00,Uniswap,369041378.67134833
2020-12-19T00:00:00+00:00,Sushiswap,74337349.37118095
2020-12-19T00:00:00+00:00,Uniswap,393309943.1149571
2020-12-20T00:00:00+00:00,Sushiswap,60393875.19086475
2020-12-20T00:00:00+00:00,Uniswap,380210637.1507078
2020-12-21T00:00:00+00:00,Sushiswap,90517802.16495803
2020-12-21T00:00:00+00:00,Uniswap,478831849.6625334
2020-12-22T00:00:00+00:00,Sushiswap,92382136.09379277
2020-12-22T00:00:00+00:00,Uniswap,440289970.6939096
2020-12-23T00:00:00+00:00,Sushiswap,196313385.01728377
2020-12-23T00:00:00+00:00,Uniswap,457956560.6247891
2020-12-24T00:00:00+00:00,Sushiswap,169744513.2833411
2020-12-24T00:00:00+00:00,Uniswap,401827317.42531013
2020-12-25T00:00:00+00:00,Sushiswap,86422707.43658237
2020-12-25T00:00:00+00:00,Uniswap,388365385.021772
2020-12-26T00:00:00+00:00,Sushiswap,97711367.31530222
2020-12-26T00:00:00+00:00,Uniswap,372756448.0329027
2020-12-27T00:00:00+00:00,Sushiswap,185671047.86123985
2020-12-27T00:00:00+00:00,Uniswap,526150022.1941805
2020-12-28T00:00:00+00:00,Sushiswap,198723795.55681124
2020-12-28T00:00:00+00:00,Uniswap,491895417.0931664
2020-12-29T00:00:00+00:00,Sushiswap,130883226.26208216
2020-12-29T00:00:00+00:00,Uniswap,594348684.008907
2020-12-30T00:00:00+00:00,Sushiswap,170628367.29888338
2020-12-30T00:00:00+00:00,Uniswap,575050609.1926731
2020-12-31T00:00:00+00:00,Sushiswap,129496898.22238433
2020-12-31T00:00:00+00:00,Uniswap,582699636.0068259
2021-01-01T00:00:00+00:00,Sushiswap,156754409.42825818
2021-01-01T00:00:00+00:00,Uniswap,533308097.5911243
2021-01-02T00:00:00+00:00,Sushiswap,188123837.9856992
2021-01-02T00:00:00+00:00,Uniswap,604075065.9473594
2021-01-03T00:00:00+00:00,Sushiswap,430246685.79185635
2021-01-03T00:00:00+00:00,Uniswap,842039752.1574912
2021-01-04T00:00:00+00:00,Sushiswap,583268231.6105967
2021-01-04T00:00:00+00:00,Uniswap,1057453069.7457182
2021-01-05T00:00:00+00:00,Sushiswap,494821825.0073562
2021-01-05T00:00:00+00:00,Uniswap,852638231.610634
2021-01-06T00:00:00+00:00,Sushiswap,469182026.45405346
2021-01-06T00:00:00+00:00,Uniswap,819809480.1824688
2021-01-07T00:00:00+00:00,Sushiswap,478475939.48129344
2021-01-07T00:00:00+00:00,Uniswap,817589350.755265
2021-01-08T00:00:00+00:00,Sushiswap,604255106.0646472
2021-01-08T00:00:00+00:00,Uniswap,892432971.4374924
2021-01-09T00:00:00+00:00,Sushiswap,353699225.890259
2021-01-09T00:00:00+00:00,Uniswap,846024921.2531396
2021-01-10T00:00:00+00:00,Sushiswap,344058263.1159739
2021-01-10T00:00:00+00:00,Uniswap,863743872.2599584
2021-01-11T00:00:00+00:00,Sushiswap,712201399.576706
2021-01-11T00:00:00+00:00,Uniswap,1340133779.938826
2021-01-12T00:00:00+00:00,Sushiswap,332727701.4368042
2021-01-12T00:00:00+00:00,Uniswap,753026700.1928245
2021-01-13T00:00:00+00:00,Sushiswap,289263704.9806027
2021-01-13T00:00:00+00:00,Uniswap,615579535.0252388
2021-01-14T00:00:00+00:00,Sushiswap,276355035.5139193
2021-01-14T00:00:00+00:00,Uniswap,697246548.7018888
2021-01-15T00:00:00+00:00,Sushiswap,408463787.1162729
2021-01-15T00:00:00+00:00,Uniswap,817262293.5061613
2021-01-16T00:00:00+00:00,Sushiswap,337341166.0863731
2021-01-16T00:00:00+00:00,Uniswap,760375818.6909145
2021-01-17T00:00:00+00:00,Sushiswap,287257635.8856882
2021-01-17T00:00:00+00:00,Uniswap,718473518.4991368
2021-01-18T00:00:00+00:00,Sushiswap,260764866.2795003
2021-01-18T00:00:00+00:00,Uniswap,769421432.5047541
2021-01-19T00:00:00+00:00,Sushiswap,491361911.62819713
2021-01-19T00:00:00+00:00,Uniswap,1078893961.7883608
2021-01-20T00:00:00+00:00,Sushiswap,343307787.01216316
2021-01-20T00:00:00+00:00,Uniswap,832580090.1228756
2021-01-21T00:00:00+00:00,Sushiswap,457294597.430506
2021-01-21T00:00:00+00:00,Uniswap,980525386.5257349
2021-01-22T00:00:00+00:00,Sushiswap,388614773.484572
2021-01-22T00:00:00+00:00,Uniswap,923626385.1260058
2021-01-23T00:00:00+00:00,Sushiswap,306268875.5478745
2021-01-23T00:00:00+00:00,Uniswap,763595559.39628
2021-01-24T00:00:00+00:00,Sushiswap,336486744.1276736
2021-01-24T00:00:00+00:00,Uniswap,858859272.977777
2021-01-25T00:00:00+00:00,Sushiswap,525677761.02368575
2021-01-25T00:00:00+00:00,Uniswap,996645763.2195644
2021-01-26T00:00:00+00:00,Sushiswap,425295456.3987653
2021-01-26T00:00:00+00:00,Uniswap,873689260.7229762
2021-01-27T00:00:00+00:00,Sushiswap,379403388.95049226
2021-01-27T00:00:00+00:00,Uniswap,889337296.5174036
2021-01-28T00:00:00+00:00,Sushiswap,315223333.43175364
2021-01-28T00:00:00+00:00,Uniswap,776322341.8811995
2021-01-29T00:00:00+00:00,Sushiswap,626468255.6940556
2021-01-29T00:00:00+00:00,Uniswap,1115247988.1788332
2021-01-30T00:00:00+00:00,Sushiswap,378465569.6580976
2021-01-30T00:00:00+00:00,Uniswap,819336310.1228758
2021-01-31T00:00:00+00:00,Sushiswap,401484494.5061446
2021-01-31T00:00:00+00:00,Uniswap,807419041.1395456
2021-02-01T00:00:00+00:00,Sushiswap,412989634.2613189
2021-02-01T00:00:00+00:00,Uniswap,932736584.9299341
2021-02-02T00:00:00+00:00,Sushiswap,483285214.1105742
2021-02-02T00:00:00+00:00,Uniswap,1005473344.9395213
2021-02-03T00:00:00+00:00,Sushiswap,408210785.3951602
2021-02-03T00:00:00+00:00,Uniswap,955473762.9559604
2021-02-04T00:00:00+00:00,Sushiswap,704034811.7798829
2021-02-04T00:00:00+00:00,Uniswap,1377672851.8617976
2021-02-05T00:00:00+00:00,Sushiswap,544342690.4336699
2021-02-05T00:00:00+00:00,Uniswap,1215396960.8454156
2021-02-06T00:00:00+00:00,Sushiswap,544025835.0381871
2021-02-06T00:00:00+00:00,Uniswap,1071311201.1508594
2021-02-07T00:00:00+00:00,Sushiswap,407836422.95421666
2021-02-07T00:00:00+00:00,Uniswap,1001374645.7207984
2021-02-08T00:00:00+00:00,Sushiswap,535380014.7973174
2021-02-08T00:00:00+00:00,Uniswap,1163080864.8363621
2021-02-09T00:00:00+00:00,Sushiswap,458141071.036604
2021-02-09T00:00:00+00:00,Uniswap,1128925858.0102386
2021-02-10T00:00:00+00:00,Sushiswap,552140132.3517191
2021-02-10T00:00:00+00:00,Uniswap,1143624860.99687
2021-02-11T00:00:00+00:00,Sushiswap,370376182.20250666
2021-02-11T00:00:00+00:00,Uniswap,988017602.8067327
2021-02-12T00:00:00+00:00,Sushiswap,418863056.01115286
2021-02-12T00:00:00+00:00,Uniswap,1107374872.7301922
2021-02-13T00:00:00+00:00,Sushiswap,440505141.9235734
2021-02-13T00:00:00+00:00,Uniswap,1103673633.8855147
2021-02-14T00:00:00+00:00,Sushiswap,324933091.15138656
2021-02-14T00:00:00+00:00,Uniswap,1082984724.3650782
2021-02-15T00:00:00+00:00,Sushiswap,595833507.1541039
2021-02-15T00:00:00+00:00,Uniswap,1264490713.5602603
2021-02-16T00:00:00+00:00,Sushiswap,344685391.4334987
2021-02-16T00:00:00+00:00,Uniswap,1084958024.6862354
2021-02-17T00:00:00+00:00,Sushiswap,445500720.1784178
2021-02-17T00:00:00+00:00,Uniswap,1192267723.9544866
2021-02-18T00:00:00+00:00,Sushiswap,348291958.48552793
2021-02-18T00:00:00+00:00,Uniswap,1200218540.0780122
2021-02-19T00:00:00+00:00,Sushiswap,473706628.5944524
2021-02-19T00:00:00+00:00,Uniswap,1106475475.743546
2021-02-20T00:00:00+00:00,Sushiswap,660211372.4566052
2021-02-20T00:00:00+00:00,Uniswap,1352317373.10572
2021-02-21T00:00:00+00:00,Sushiswap,343864130.1078555
2021-02-21T00:00:00+00:00,Uniswap,1056092138.3709477
2021-02-22T00:00:00+00:00,Sushiswap,842014706.8828944
2021-02-22T00:00:00+00:00,Uniswap,1543215733.2729783
2021-02-23T00:00:00+00:00,Sushiswap,1283823088.96338
2021-02-23T00:00:00+00:00,Uniswap,1817588741.4716508
2021-02-24T00:00:00+00:00,Sushiswap,518162464.6413521
2021-02-24T00:00:00+00:00,Uniswap,1194972840.7441075
2021-02-25T00:00:00+00:00,Sushiswap,381847842.53889257
2021-02-25T00:00:00+00:00,Uniswap,1071780945.914673
2021-02-26T00:00:00+00:00,Sushiswap,523781059.10527635
2021-02-26T00:00:00+00:00,Uniswap,1089475128.8235576
2021-02-27T00:00:00+00:00,Sushiswap,367584677.9103114
2021-02-27T00:00:00+00:00,Uniswap,834169604.1359988
2021-02-28T00:00:00+00:00,Sushiswap,555417256.5204518
2021-02-28T00:00:00+00:00,Uniswap,1055791644.1274879
2021-03-01T00:00:00+00:00,Sushiswap,409824456.3453838
2021-03-01T00:00:00+00:00,Uniswap,924758039.8747506
2021-03-02T00:00:00+00:00,Sushiswap,502251197.4974866
2021-03-02T00:00:00+00:00,Uniswap,909749314.8439714
2021-03-03T00:00:00+00:00,Sushiswap,344306764.88058406
2021-03-03T00:00:00+00:00,Uniswap,926972481.715856
2021-03-04T00:00:00+00:00,Sushiswap,380704908.9170247
2021-03-04T00:00:00+00:00,Uniswap,916413328.3103288
2021-03-05T00:00:00+00:00,Sushiswap,352461335.11433923
2021-03-05T00:00:00+00:00,Uniswap,1053007153.449111
2021-03-06T00:00:00+00:00,Sushiswap,286293059.4227299
2021-03-06T00:00:00+00:00,Uniswap,851833992.7581658
2021-03-07T00:00:00+00:00,Sushiswap,287894935.21223396
2021-03-07T00:00:00+00:00,Uniswap,1182798383.835316
2021-03-08T00:00:00+00:00,Sushiswap,326905486.39930093
2021-03-08T00:00:00+00:00,Uniswap,1196630806.3571134
2021-03-09T00:00:00+00:00,Sushiswap,411696695.3872199
2021-03-09T00:00:00+00:00,Uniswap,1199212041.7991397
2021-03-10T00:00:00+00:00,Sushiswap,283227845.1752532
2021-03-10T00:00:00+00:00,Uniswap,1042944509.973029
2021-03-11T00:00:00+00:00,Sushiswap,301917026.8761443
2021-03-11T00:00:00+00:00,Uniswap,1049706009.3332261
2021-03-12T00:00:00+00:00,Sushiswap,279695759.599997
2021-03-12T00:00:00+00:00,Uniswap,1162260520.488293
2021-03-13T00:00:00+00:00,Sushiswap,418330632.4522822
2021-03-13T00:00:00+00:00,Uniswap,1104674370.6475592
2021-03-14T00:00:00+00:00,Sushiswap,283458877.2821498
2021-03-14T00:00:00+00:00,Uniswap,1107661720.2331688
2021-03-15T00:00:00+00:00,Sushiswap,301981225.0280587
2021-03-15T00:00:00+00:00,Uniswap,1148822696.733278
2021-03-16T00:00:00+00:00,Sushiswap,259857945.1189294
2021-03-16T00:00:00+00:00,Uniswap,1058534406.1022445
2021-03-17T00:00:00+00:00,Sushiswap,260057407.8937587
2021-03-17T00:00:00+00:00,Uniswap,1053581801.8088422
2021-03-18T00:00:00+00:00,Sushiswap,223073889.2567907
2021-03-18T00:00:00+00:00,Uniswap,957616860.9570059
2021-03-19T00:00:00+00:00,Sushiswap,235671236.9533743
2021-03-19T00:00:00+00:00,Uniswap,1081131182.2424262
2021-03-20T00:00:00+00:00,Sushiswap,173759474.262333
2021-03-20T00:00:00+00:00,Uniswap,1015060838.2758752
2021-03-21T00:00:00+00:00,Sushiswap,290035448.21709716
2021-03-21T00:00:00+00:00,Uniswap,889468986.5164189
2021-03-22T00:00:00+00:00,Sushiswap,350320365.99217534
2021-03-22T00:00:00+00:00,Uniswap,1392573664.6496432
2021-03-23T00:00:00+00:00,Sushiswap,350837325.37982184
2021-03-23T00:00:00+00:00,Uniswap,1126837737.6321383
2021-03-24T00:00:00+00:00,Sushiswap,421943126.3820955
2021-03-24T00:00:00+00:00,Uniswap,1328820913.7695055
2021-03-25T00:00:00+00:00,Sushiswap,364234958.6009422
2021-03-25T00:00:00+00:00,Uniswap,1112449808.1387246
2021-03-26T00:00:00+00:00,Sushiswap,266994383.97555384
2021-03-26T00:00:00+00:00,Uniswap,996866122.9926262
2021-03-27T00:00:00+00:00,Sushiswap,187546202.96266767
2021-03-27T00:00:00+00:00,Uniswap,1036308718.8544368
2021-03-28T00:00:00+00:00,Sushiswap,193936267.73747835
2021-03-28T00:00:00+00:00,Uniswap,950536374.429085
2021-03-29T00:00:00+00:00,Sushiswap,287068526.01235765
2021-03-29T00:00:00+00:00,Uniswap,1149109898.9375064
2021-03-30T00:00:00+00:00,Sushiswap,225384173.57640257
2021-03-30T00:00:00+00:00,Uniswap,1179384734.300909
2021-03-31T00:00:00+00:00,Sushiswap,322712063.4059663
2021-03-31T00:00:00+00:00,Uniswap,1380334060.6331272
2021-04-01T00:00:00+00:00,Sushiswap,277037109.67482764
2021-04-01T00:00:00+00:00,Uniswap,1321156796.3287764
2021-04-02T00:00:00+00:00,Sushiswap,312948037.1265121
2021-04-02T00:00:00+00:00,Uniswap,1349579175.9854836
2021-04-03T00:00:00+00:00,Sushiswap,394273433.00648534
2021-04-03T00:00:00+00:00,Uniswap,1232850592.6918175
2021-04-04T00:00:00+00:00,Sushiswap,239311694.7214686
2021-04-04T00:00:00+00:00,Uniswap,1108632288.4611783
2021-04-05T00:00:00+00:00,Sushiswap,243290872.31587365
2021-04-05T00:00:00+00:00,Uniswap,1270619428.6256912
2021-04-06T00:00:00+00:00,Sushiswap,307559788.588718
2021-04-06T00:00:00+00:00,Uniswap,1325546118.1895478
2021-04-07T00:00:00+00:00,Sushiswap,379243521.2197938
2021-04-07T00:00:00+00:00,Uniswap,1545234454.3506298
2021-04-08T00:00:00+00:00,Sushiswap,277181128.14972454
2021-04-08T00:00:00+00:00,Uniswap,1181001386.70981
2021-04-09T00:00:00+00:00,Sushiswap,238847813.56643307
2021-04-09T00:00:00+00:00,Uniswap,1042425694.895776
2021-04-10T00:00:00+00:00,Sushiswap,271473833.6710165
2021-04-10T00:00:00+00:00,Uniswap,1102092975.773753
2021-04-11T00:00:00+00:00,Sushiswap,217977711.49289018
2021-04-11T00:00:00+00:00,Uniswap,1015443408.3208865
2021-04-12T00:00:00+00:00,Sushiswap,314126707.932544
2021-04-12T00:00:00+00:00,Uniswap,1116161808.6868696
2021-04-13T00:00:00+00:00,Sushiswap,331815343.83430916
2021-04-13T00:00:00+00:00,Uniswap,1184738693.3542135
2021-04-14T00:00:00+00:00,Sushiswap,463114399.2816791
2021-04-14T00:00:00+00:00,Uniswap,1385780098.5853887
2021-04-15T00:00:00+00:00,Sushiswap,410617760.3374468
2021-04-15T00:00:00+00:00,Uniswap,1235274093.3174067
2021-04-16T00:00:00+00:00,Sushiswap,384174595.6496933
2021-04-16T00:00:00+00:00,Uniswap,1465114408.087768
2021-04-17T00:00:00+00:00,Sushiswap,273254981.20095384
2021-04-17T00:00:00+00:00,Uniswap,1476058467.2251961
2021-04-18T00:00:00+00:00,Sushiswap,868748289.892934
2021-04-18T00:00:00+00:00,Uniswap,1736072412.4657974
2021-04-19T00:00:00+00:00,Sushiswap,432049242.57252866
2021-04-19T00:00:00+00:00,Uniswap,1429654376.7588549
2021-04-20T00:00:00+00:00,Sushiswap,506536900.8523722
2021-04-20T00:00:00+00:00,Uniswap,1860522067.406335
2021-04-21T00:00:00+00:00,Sushiswap,435842468.1126189
2021-04-21T00:00:00+00:00,Uniswap,1563903419.7277176
2021-04-22T00:00:00+00:00,Sushiswap,751493664.5330943
2021-04-22T00:00:00+00:00,Uniswap,1955172327.6830308
2021-04-23T00:00:00+00:00,Sushiswap,880934854.0209569
2021-04-23T00:00:00+00:00,Uniswap,1905212331.5423675
2021-04-24T00:00:00+00:00,Sushiswap,340680878.20926106
2021-04-24T00:00:00+00:00,Uniswap,1043240318.8332886
2021-04-25T00:00:00+00:00,Sushiswap,318369277.8820709
2021-04-25T00:00:00+00:00,Uniswap,1001239743.7773162
2021-04-26T00:00:00+00:00,Sushiswap,404770707.15504354
2021-04-26T00:00:00+00:00,Uniswap,1261213911.8205085
2021-04-27T00:00:00+00:00,Sushiswap,378341609.7262157
2021-04-27T00:00:00+00:00,Uniswap,1262285348.2752671
2021-04-28T00:00:00+00:00,Sushiswap,436523411.5644215
2021-04-28T00:00:00+00:00,Uniswap,1355354101.9969823
2021-04-29T00:00:00+00:00,Sushiswap,367105833.7613999
2021-04-29T00:00:00+00:00,Uniswap,1238602439.5523279
2021-04-30T00:00:00+00:00,Sushiswap,314030815.69619876
2021-04-30T00:00:00+00:00,Uniswap,1214665774.360141
2021-05-01T00:00:00+00:00,Sushiswap,352509287.95108587
2021-05-01T00:00:00+00:00,Uniswap,1259232315.1787796
2021-05-02T00:00:00+00:00,Sushiswap,303158695.7870303
2021-05-02T00:00:00+00:00,Uniswap,1744390474.481288
2021-05-03T00:00:00+00:00,Sushiswap,621871947.4296426
2021-05-03T00:00:00+00:00,Uniswap,1842374741.0269952
2021-05-04T00:00:00+00:00,Sushiswap,769733493.7873683
2021-05-04T00:00:00+00:00,Uniswap,2062377081.7336106
2021-05-05T00:00:00+00:00,Sushiswap,486269534.0045652
2021-05-05T00:00:00+00:00,Uniswap,1623095929.3981216
2021-05-06T00:00:00+00:00,Sushiswap,533693997.77692896
2021-05-06T00:00:00+00:00,Uniswap,1349756518.6034257
2021-05-07T00:00:00+00:00,Sushiswap,479325521.0320779
2021-05-07T00:00:00+00:00,Uniswap,1547744294.7156658
2021-05-08T00:00:00+00:00,Sushiswap,567688472.6724381
2021-05-08T00:00:00+00:00,Uniswap,3330961691.6055627
2021-05-09T00:00:00+00:00,Sushiswap,455888835.9961045
2021-05-09T00:00:00+00:00,Uniswap,2655499079.8306465
2021-05-10T00:00:00+00:00,Sushiswap,863537021.4901294
2021-05-10T00:00:00+00:00,Uniswap,3914601568.394712
2021-05-11T00:00:00+00:00,Sushiswap,575958023.7860988
2021-05-11T00:00:00+00:00,Uniswap,3058647788.2625012
2021-05-12T00:00:00+00:00,Sushiswap,1225855118.8673155
2021-05-12T00:00:00+00:00,Uniswap,4179756148.875027
2021-05-13T00:00:00+00:00,Sushiswap,1148735374.350275
2021-05-13T00:00:00+00:00,Uniswap,3710922003.887723
2021-05-14T00:00:00+00:00,Sushiswap,655431394.7232187
2021-05-14T00:00:00+00:00,Uniswap,2638216026.1989627
2021-05-15T00:00:00+00:00,Sushiswap,571502721.8370862
2021-05-15T00:00:00+00:00,Uniswap,2533838520.7738495
2021-05-16T00:00:00+00:00,Sushiswap,737823410.1195287
2021-05-16T00:00:00+00:00,Uniswap,2974185179.981792
2021-05-17T00:00:00+00:00,Sushiswap,1013058808.5015781
2021-05-17T00:00:00+00:00,Uniswap,3243217380.8474016
2021-05-18T00:00:00+00:00,Sushiswap,864483018.555055
2021-05-18T00:00:00+00:00,Uniswap,2636721567.6765738
2021-05-19T00:00:00+00:00,Sushiswap,3047639402.4375772
2021-05-19T00:00:00+00:00,Uniswap,6315430800.514695
2021-05-20T00:00:00+00:00,Sushiswap,1562026777.4026334
2021-05-20T00:00:00+00:00,Uniswap,3742486072.0152793
2021-05-21T00:00:00+00:00,Sushiswap,1221407180.3203757
2021-05-21T00:00:00+00:00,Uniswap,3411894421.7854934
2021-05-22T00:00:00+00:00,Sushiswap,806740073.9624043
2021-05-22T00:00:00+00:00,Uniswap,2355060148.232407
2021-05-23T00:00:00+00:00,Sushiswap,1800446161.1126564
2021-05-23T00:00:00+00:00,Uniswap,3841490481.630337
2021-05-24T00:00:00+00:00,Sushiswap,863611951.0480477
2021-05-24T00:00:00+00:00,Uniswap,3048853086.300017
2021-05-25T00:00:00+00:00,Sushiswap,718697442.8361957
2021-05-25T00:00:00+00:00,Uniswap,2699611620.09012
2021-05-26T00:00:00+00:00,Sushiswap,782758814.597632
2021-05-26T00:00:00+00:00,Uniswap,2703778259.377904
2021-05-27T00:00:00+00:00,Sushiswap,507791596.651457
2021-05-27T00:00:00+00:00,Uniswap,2008961223.5716305
2021-05-28T00:00:00+00:00,Sushiswap,584449666.4403151
2021-05-28T00:00:00+00:00,Uniswap,2437798386.2154837
2021-05-29T00:00:00+00:00,Sushiswap,405518930.02699727
2021-05-29T00:00:00+00:00,Uniswap,2219979960.016683
2021-05-30T00:00:00+00:00,Sushiswap,332473469.91917855
2021-05-30T00:00:00+00:00,Uniswap,1841139913.173489
2021-05-31T00:00:00+00:00,Sushiswap,347982195.73290795
2021-05-31T00:00:00+00:00,Uniswap,1793452116.0845718
2021-06-01T00:00:00+00:00,Sushiswap,312243756.6279712
2021-06-01T00:00:00+00:00,Uniswap,1810273063.15729
2021-06-02T00:00:00+00:00,Sushiswap,292434034.0232588
2021-06-02T00:00:00+00:00,Uniswap,1407585877.129865
2021-06-03T00:00:00+00:00,Sushiswap,436951910.86035776
2021-06-03T00:00:00+00:00,Uniswap,1602855461.9898815
2021-06-04T00:00:00+00:00,Sushiswap,741136975.7444829
2021-06-04T00:00:00+00:00,Uniswap,1896632185.7915556
2021-06-05T00:00:00+00:00,Sushiswap,306119740.14390105
2021-06-05T00:00:00+00:00,Uniswap,1335853266.7397056
2021-06-06T00:00:00+00:00,Sushiswap,165451726.078263
2021-06-06T00:00:00+00:00,Uniswap,856863769.3410258
2021-06-07T00:00:00+00:00,Sushiswap,315530247.74735785
2021-06-07T00:00:00+00:00,Uniswap,1479525188.2535279
2021-06-08T00:00:00+00:00,Sushiswap,506377504.9048313
2021-06-08T00:00:00+00:00,Uniswap,2065053491.1352098
2021-06-09T00:00:00+00:00,Sushiswap,328513361.858569
2021-06-09T00:00:00+00:00,Uniswap,1850596588.946397
2021-06-10T00:00:00+00:00,Sushiswap,234480731.93860677
2021-06-10T00:00:00+00:00,Uniswap,1451406419.2599113
2021-06-11T00:00:00+00:00,Sushiswap,341302760.84849834
2021-06-11T00:00:00+00:00,Uniswap,1470295814.5561314
2021-06-12T00:00:00+00:00,Sushiswap,268837673.4983077
2021-06-12T00:00:00+00:00,Uniswap,1336843837.0886264
2021-06-13T00:00:00+00:00,Sushiswap,201232498.4252935
2021-06-13T00:00:00+00:00,Uniswap,1231689083.143958
2021-06-14T00:00:00+00:00,Sushiswap,183029307.14885902
2021-06-14T00:00:00+00:00,Uniswap,1288322577.7751448
2021-06-15T00:00:00+00:00,Sushiswap,193050308.60922018
2021-06-15T00:00:00+00:00,Uniswap,1279647448.396827
2021-06-16T00:00:00+00:00,Sushiswap,201368031.59329957
2021-06-16T00:00:00+00:00,Uniswap,1234492279.1597617
2021-06-17T00:00:00+00:00,Sushiswap,186243820.03443182
2021-06-17T00:00:00+00:00,Uniswap,1281024342.4565668
2021-06-18T00:00:00+00:00,Sushiswap,222653318.9833306
2021-06-18T00:00:00+00:00,Uniswap,1404118678.36386
2021-06-19T00:00:00+00:00,Sushiswap,139563535.52543733
2021-06-19T00:00:00+00:00,Uniswap,1044449648.5369853
2021-06-20T00:00:00+00:00,Sushiswap,236020964.2790441
2021-06-20T00:00:00+00:00,Uniswap,1255168540.502261
2021-06-21T00:00:00+00:00,Sushiswap,484753035.347806
2021-06-21T00:00:00+00:00,Uniswap,2370631231.8103404
2021-06-22T00:00:00+00:00,Sushiswap,581778927.3872988
2021-06-22T00:00:00+00:00,Uniswap,2076131162.8667784
2021-06-23T00:00:00+00:00,Sushiswap,240655884.44160226
2021-06-23T00:00:00+00:00,Uniswap,1407801782.758344
2021-06-24T00:00:00+00:00,Sushiswap,143201143.35570985
2021-06-24T00:00:00+00:00,Uniswap,1138065644.9550402
2021-06-25T00:00:00+00:00,Sushiswap,215910266.33803678
2021-06-25T00:00:00+00:00,Uniswap,1355216501.5970447
2021-06-26T00:00:00+00:00,Sushiswap,204981176.74407843
2021-06-26T00:00:00+00:00,Uniswap,1221437546.8508742
2021-06-27T00:00:00+00:00,Sushiswap,163352316.75802955
2021-06-27T00:00:00+00:00,Uniswap,1139343457.963776
2021-06-28T00:00:00+00:00,Sushiswap,204189325.14093202
2021-06-28T00:00:00+00:00,Uniswap,2387404630.194641
2021-06-29T00:00:00+00:00,Sushiswap,196754308.32491812
2021-06-29T00:00:00+00:00,Uniswap,1308549396.072904
2021-06-30T00:00:00+00:00,Sushiswap,214035415.48309785
2021-06-30T00:00:00+00:00,Uniswap,1416934447.6252222
2021-07-01T00:00:00+00:00,Sushiswap,182826628.77491793
2021-07-01T00:00:00+00:00,Uniswap,2583241322.249408
2021-07-02T00:00:00+00:00,Sushiswap,147815812.3163435
2021-07-02T00:00:00+00:00,Uniswap,1374347013.4887173
2021-07-03T00:00:00+00:00,Sushiswap,133729172.60676716
2021-07-03T00:00:00+00:00,Uniswap,981513433.7520492
2021-07-04T00:00:00+00:00,Sushiswap,143642588.88204974
2021-07-04T00:00:00+00:00,Uniswap,1410948729.0488079
2021-07-05T00:00:00+00:00,Sushiswap,207302373.72870687
2021-07-05T00:00:00+00:00,Uniswap,1188614895.541609
2021-07-06T00:00:00+00:00,Sushiswap,277968366.3249656
2021-07-06T00:00:00+00:00,Uniswap,1415705815.5034692
2021-07-07T00:00:00+00:00,Sushiswap,186664786.40551856
2021-07-07T00:00:00+00:00,Uniswap,1077660048.2311804
2021-07-08T00:00:00+00:00,Sushiswap,192145126.45420763
2021-07-08T00:00:00+00:00,Uniswap,1310550102.2612848
2021-07-09T00:00:00+00:00,Sushiswap,155169290.5226758
2021-07-09T00:00:00+00:00,Uniswap,1385422772.7295902
2021-07-10T00:00:00+00:00,Sushiswap,130651983.54468682
2021-07-10T00:00:00+00:00,Uniswap,1013473487.7386023
2021-07-11T00:00:00+00:00,Sushiswap,104343465.73622948
2021-07-11T00:00:00+00:00,Uniswap,637699194.9381667
2021-07-12T00:00:00+00:00,Sushiswap,126538179.19518393
2021-07-12T00:00:00+00:00,Uniswap,861439490.9228739
2021-07-13T00:00:00+00:00,Sushiswap,158903678.14849192
2021-07-13T00:00:00+00:00,Uniswap,1146420280.9221027
2021-07-14T00:00:00+00:00,Sushiswap,179848769.243148
2021-07-14T00:00:00+00:00,Uniswap,1352427990.1565318
2021-07-15T00:00:00+00:00,Sushiswap,191861774.00162363
2021-07-15T00:00:00+00:00,Uniswap,1393106604.8688471
2021-07-16T00:00:00+00:00,Sushiswap,158967363.66891003
2021-07-16T00:00:00+00:00,Uniswap,1023519485.050461
2021-07-17T00:00:00+00:00,Sushiswap,157560440.70806664
2021-07-17T00:00:00+00:00,Uniswap,866815810.3737191
2021-07-18T00:00:00+00:00,Sushiswap,124444323.59860931
2021-07-18T00:00:00+00:00,Uniswap,1149349147.5950077
2021-07-19T00:00:00+00:00,Sushiswap,151716896.00281608
2021-07-19T00:00:00+00:00,Uniswap,865164085.9080865
2021-07-20T00:00:00+00:00,Sushiswap,187357131.05145812
2021-07-20T00:00:00+00:00,Uniswap,1390597388.5638454
2021-07-21T00:00:00+00:00,Sushiswap,200582163.4723573
2021-07-21T00:00:00+00:00,Uniswap,1516131942.296414
2021-07-22T00:00:00+00:00,Sushiswap,223500927.0120468
2021-07-22T00:00:00+00:00,Uniswap,1158045373.500821
2021-07-23T00:00:00+00:00,Sushiswap,188732296.97130316
2021-07-23T00:00:00+00:00,Uniswap,1008645532.0723054
2021-07-24T00:00:00+00:00,Sushiswap,157332479.92477244
2021-07-24T00:00:00+00:00,Uniswap,1020847744.6525362
2021-07-25T00:00:00+00:00,Sushiswap,127266726.84515762
2021-07-25T00:00:00+00:00,Uniswap,933037600.6818159
2021-07-26T00:00:00+00:00,Sushiswap,402337667.60396224
2021-07-26T00:00:00+00:00,Uniswap,2839301636.2326603
2021-07-27T00:00:00+00:00,Sushiswap,224047714.75828138
2021-07-27T00:00:00+00:00,Uniswap,1593469422.883583
2021-07-28T00:00:00+00:00,Sushiswap,216773982.48959643
2021-07-28T00:00:00+00:00,Uniswap,1549055130.4927025
2021-07-29T00:00:00+00:00,Sushiswap,186405263.23410293
2021-07-29T00:00:00+00:00,Uniswap,1138684019.4486697
2021-07-30T00:00:00+00:00,Sushiswap,205836619.54113778
2021-07-30T00:00:00+00:00,Uniswap,1496268859.6070495
2021-07-31T00:00:00+00:00,Sushiswap,221240359.37607023
2021-07-31T00:00:00+00:00,Uniswap,1076953866.9494162
2021-08-01T00:00:00+00:00,Sushiswap,286703399.33556706
2021-08-01T00:00:00+00:00,Uniswap,1451356023.3645253
2021-08-02T00:00:00+00:00,Sushiswap,219099053.2318779
2021-08-02T00:00:00+00:00,Uniswap,1431010555.0316284
2021-08-03T00:00:00+00:00,Sushiswap,221638089.25038728
2021-08-03T00:00:00+00:00,Uniswap,1711092456.045716
2021-08-04T00:00:00+00:00,Sushiswap,241278913.26449907
2021-08-04T00:00:00+00:00,Uniswap,1896437672.5180068
2021-08-05T00:00:00+00:00,Sushiswap,359969953.17516977
2021-08-05T00:00:00+00:00,Uniswap,2084512636.4191957
2021-08-06T00:00:00+00:00,Sushiswap,264789807.53843597
2021-08-06T00:00:00+00:00,Uniswap,1695288937.992144
2021-08-07T00:00:00+00:00,Sushiswap,326650912.2859733
2021-08-07T00:00:00+00:00,Uniswap,2232538679.487177
2021-08-08T00:00:00+00:00,Sushiswap,255868858.22348765
2021-08-08T00:00:00+00:00,Uniswap,2306470780.608894
2021-08-09T00:00:00+00:00,Sushiswap,342121691.27492577
2021-08-09T00:00:00+00:00,Uniswap,2617214498.599796
2021-08-10T00:00:00+00:00,Sushiswap,275452213.03154385
2021-08-10T00:00:00+00:00,Uniswap,1814579504.854082
2021-08-11T00:00:00+00:00,Sushiswap,359681303.93048644
2021-08-11T00:00:00+00:00,Uniswap,1648846302.0275166
2021-08-12T00:00:00+00:00,Sushiswap,302984552.19956684
2021-08-12T00:00:00+00:00,Uniswap,1875683023.7593498
2021-08-13T00:00:00+00:00,Sushiswap,254619159.54944828
2021-08-13T00:00:00+00:00,Uniswap,1430962040.0199015
2021-08-14T00:00:00+00:00,Sushiswap,262062094.7080935
2021-08-14T00:00:00+00:00,Uniswap,1129840910.1285186
2021-08-15T00:00:00+00:00,Sushiswap,238709662.74619186
2021-08-15T00:00:00+00:00,Uniswap,1378279422.8362052
2021-08-16T00:00:00+00:00,Sushiswap,367616497.1032407
2021-08-16T00:00:00+00:00,Uniswap,1730939806.2197335
2021-08-17T00:00:00+00:00,Sushiswap,468460910.3846382
2021-08-17T00:00:00+00:00,Uniswap,2475742188.98353
2021-08-18T00:00:00+00:00,Sushiswap,385443779.7192119
2021-08-18T00:00:00+00:00,Uniswap,2182601005.6386423
2021-08-19T00:00:00+00:00,Sushiswap,377740141.85721034
2021-08-19T00:00:00+00:00,Uniswap,1754867683.0018947
2021-08-20T00:00:00+00:00,Sushiswap,329592291.8835703
2021-08-20T00:00:00+00:00,Uniswap,1702238771.9623652
2021-08-21T00:00:00+00:00,Sushiswap,313557921.7518711
2021-08-21T00:00:00+00:00,Uniswap,1260749148.35657
2021-08-22T00:00:00+00:00,Sushiswap,304150808.59146655
2021-08-22T00:00:00+00:00,Uniswap,1389727273.4579077
2021-08-23T00:00:00+00:00,Sushiswap,310489491.33838767
2021-08-23T00:00:00+00:00,Uniswap,1769064210.7799904
2021-08-24T00:00:00+00:00,Sushiswap,351345887.64744574
2021-08-24T00:00:00+00:00,Uniswap,2500805587.6233406
2021-08-25T00:00:00+00:00,Sushiswap,272775984.3582251
2021-08-25T00:00:00+00:00,Uniswap,1746416339.9231398
2021-08-26T00:00:00+00:00,Sushiswap,281408961.1211391
2021-08-26T00:00:00+00:00,Uniswap,1759900174.688765
2021-08-27T00:00:00+00:00,Sushiswap,244607134.40279123
2021-08-27T00:00:00+00:00,Uniswap,1445410462.7557871
2021-08-28T00:00:00+00:00,Sushiswap,239465193.0071729
2021-08-28T00:00:00+00:00,Uniswap,941659698.8698277
2021-08-29T00:00:00+00:00,Sushiswap,334682831.4955596
2021-08-29T00:00:00+00:00,Uniswap,1371984159.5622356
2021-08-30T00:00:00+00:00,Sushiswap,406188787.6744349
2021-08-30T00:00:00+00:00,Uniswap,1830814845.1523104
