block_time,hash,contract,attacker,cash_out_add,name
2021-10-01T04:19:10+00:00,0x06cbcb248a7fa6fb5f8c198461ea50072d8c3c9ca1c5a76d4a3d36c831c8823a,0xcf08434d9138781967fa273a6bb8f2881642ae75,0x17464fed2b89e7aa876187120b8b15a48be0c016,0x5683a8c42a195fda36aff17419c1ee793fab3946,
2021-10-01T07:59:18+00:00,0x28578673fce483f4a7bac631c094ace4d1efcfac3d082e11dfa0ee11036dc352,0xc76f53dd3bf1c1604717e42b97f7effc8444febd,0x8c4746e36e139523f47336f74dfa8f26eb80b774,0x7e6fe4ae818af58af6ebd54bcd57c15439867d30,
2021-10-01T08:38:28+00:00,0x7669f09f3812f6229d4840b963bd3236a0cd7ccd31549e72511033663fbe375e,0xcf08434d9138781967fa273a6bb8f2881642ae75,0x49a4c277911015e290b8b151c95d4a50341723ea,0x5683a8c42a195fda36aff17419c1ee793fab3946,
2021-10-01T09:07:06+00:00,0x7b4d87c181989f10bd75eb0359e899583566c3f2b85fbf909f728fcf4fcbde8d,0xcf08434d9138781967fa273a6bb8f2881642ae75,0x17464fed2b89e7aa876187120b8b15a48be0c016,0x8ac4b326abce4ce52957a167bf2de501123fc731,1inch user
2021-10-01T09:07:06+00:00,0x7b4d87c181989f10bd75eb0359e899583566c3f2b85fbf909f728fcf4fcbde8d,0xcf08434d9138781967fa273a6bb8f2881642ae75,0x17464fed2b89e7aa876187120b8b15a48be0c016,0x8ac4b326abce4ce52957a167bf2de501123fc731,dex trader
2021-10-01T10:58:24+00:00,0x8e77036c4742cb3f804f7d58678f85081429f4e861a31b458613c029e67e2476,0xcf08434d9138781967fa273a6bb8f2881642ae75,0x17464fed2b89e7aa876187120b8b15a48be0c016,0x8ac4b326abce4ce52957a167bf2de501123fc731,1inch user
2021-10-01T10:58:24+00:00,0x8e77036c4742cb3f804f7d58678f85081429f4e861a31b458613c029e67e2476,0xcf08434d9138781967fa273a6bb8f2881642ae75,0x17464fed2b89e7aa876187120b8b15a48be0c016,0x8ac4b326abce4ce52957a167bf2de501123fc731,dex trader
2021-10-01T14:38:23+00:00,0xaacf0220758e21e3421e9d0945309916062189c96e442f23f3e22cf99a502ae1,0xcf08434d9138781967fa273a6bb8f2881642ae75,0x49a4c277911015e290b8b151c95d4a50341723ea,0x8ac4b326abce4ce52957a167bf2de501123fc731,1inch user
2021-10-01T14:38:23+00:00,0xaacf0220758e21e3421e9d0945309916062189c96e442f23f3e22cf99a502ae1,0xcf08434d9138781967fa273a6bb8f2881642ae75,0x49a4c277911015e290b8b151c95d4a50341723ea,0x8ac4b326abce4ce52957a167bf2de501123fc731,dex trader
2021-10-02T06:47:32+00:00,0x477f28ff987dc96c0038dab5e48023fff04e5782da88ee1aa8c307492f75ff9d,0xcf08434d9138781967fa273a6bb8f2881642ae75,0x17464fed2b89e7aa876187120b8b15a48be0c016,0x8ac4b326abce4ce52957a167bf2de501123fc731,1inch user
2021-10-02T06:47:32+00:00,0x477f28ff987dc96c0038dab5e48023fff04e5782da88ee1aa8c307492f75ff9d,0xcf08434d9138781967fa273a6bb8f2881642ae75,0x17464fed2b89e7aa876187120b8b15a48be0c016,0x8ac4b326abce4ce52957a167bf2de501123fc731,dex trader
2021-10-02T12:57:16+00:00,0x707b6d24e538b14d6129f48536373e8f94707ea98d7148949890f97f5567afc7,0xcf08434d9138781967fa273a6bb8f2881642ae75,0x49a4c277911015e290b8b151c95d4a50341723ea,0x8ac4b326abce4ce52957a167bf2de501123fc731,1inch user
2021-10-02T12:57:16+00:00,0x707b6d24e538b14d6129f48536373e8f94707ea98d7148949890f97f5567afc7,0xcf08434d9138781967fa273a6bb8f2881642ae75,0x49a4c277911015e290b8b151c95d4a50341723ea,0x8ac4b326abce4ce52957a167bf2de501123fc731,dex trader
2021-10-02T12:57:58+00:00,0x1541880cd0ffda303fba48c1650e061cd1d7b5dfa07d6914818e43942f350935,0xcf08434d9138781967fa273a6bb8f2881642ae75,0x49a4c277911015e290b8b151c95d4a50341723ea,0x8ac4b326abce4ce52957a167bf2de501123fc731,1inch user
2021-10-02T12:57:58+00:00,0x1541880cd0ffda303fba48c1650e061cd1d7b5dfa07d6914818e43942f350935,0xcf08434d9138781967fa273a6bb8f2881642ae75,0x49a4c277911015e290b8b151c95d4a50341723ea,0x8ac4b326abce4ce52957a167bf2de501123fc731,dex trader
2021-10-02T18:09:17+00:00,0x83756a06ee52e89d9d238e3dccef47b444da0dd78bdc8e356f565deb2d6917d8,0xcf08434d9138781967fa273a6bb8f2881642ae75,0x17464fed2b89e7aa876187120b8b15a48be0c016,0x8ac4b326abce4ce52957a167bf2de501123fc731,1inch user
2021-10-02T18:09:17+00:00,0x83756a06ee52e89d9d238e3dccef47b444da0dd78bdc8e356f565deb2d6917d8,0xcf08434d9138781967fa273a6bb8f2881642ae75,0x17464fed2b89e7aa876187120b8b15a48be0c016,0x8ac4b326abce4ce52957a167bf2de501123fc731,dex trader
2021-10-02T20:35:49+00:00,0x5d46c5769f11c41208b78cb4d10a255e7544e3488ec47ad0b0ba301c9d9ff8ff,0xcf08434d9138781967fa273a6bb8f2881642ae75,0x17464fed2b89e7aa876187120b8b15a48be0c016,0x8ac4b326abce4ce52957a167bf2de501123fc731,1inch user
2021-10-02T20:35:49+00:00,0x5d46c5769f11c41208b78cb4d10a255e7544e3488ec47ad0b0ba301c9d9ff8ff,0xcf08434d9138781967fa273a6bb8f2881642ae75,0x17464fed2b89e7aa876187120b8b15a48be0c016,0x8ac4b326abce4ce52957a167bf2de501123fc731,dex trader
2021-10-02T22:03:24+00:00,0xf1722ef108ee9a81759f8da2d903d307878f9b742ce1ad894a51b4b926bb7c36,0xcf08434d9138781967fa273a6bb8f2881642ae75,0x49a4c277911015e290b8b151c95d4a50341723ea,0x8ac4b326abce4ce52957a167bf2de501123fc731,1inch user
2021-10-02T22:03:24+00:00,0xf1722ef108ee9a81759f8da2d903d307878f9b742ce1ad894a51b4b926bb7c36,0xcf08434d9138781967fa273a6bb8f2881642ae75,0x49a4c277911015e290b8b151c95d4a50341723ea,0x8ac4b326abce4ce52957a167bf2de501123fc731,dex trader
2021-10-02T22:31:34+00:00,0x5db6917fbd767d7305113f2cec7c4733095de3f7577af297ae24e7d78580d977,0xcf08434d9138781967fa273a6bb8f2881642ae75,0x17464fed2b89e7aa876187120b8b15a48be0c016,0x8ac4b326abce4ce52957a167bf2de501123fc731,1inch user
2021-10-02T22:31:34+00:00,0x5db6917fbd767d7305113f2cec7c4733095de3f7577af297ae24e7d78580d977,0xcf08434d9138781967fa273a6bb8f2881642ae75,0x17464fed2b89e7aa876187120b8b15a48be0c016,0x8ac4b326abce4ce52957a167bf2de501123fc731,dex trader
2021-10-02T23:52:51+00:00,0x7d44d2902e434b1371f7a0cb128bae8535771a43b574b31664c43368e272b2d8,0xcf08434d9138781967fa273a6bb8f2881642ae75,0x17464fed2b89e7aa876187120b8b15a48be0c016,0x8ac4b326abce4ce52957a167bf2de501123fc731,1inch user
2021-10-02T23:52:51+00:00,0x7d44d2902e434b1371f7a0cb128bae8535771a43b574b31664c43368e272b2d8,0xcf08434d9138781967fa273a6bb8f2881642ae75,0x17464fed2b89e7aa876187120b8b15a48be0c016,0x8ac4b326abce4ce52957a167bf2de501123fc731,dex trader
2021-10-02T23:53:22+00:00,0x0079df2d64e546f05121676b5921ddb03bcb2ebe9f0c5bfed70723aca60e8398,0xcf08434d9138781967fa273a6bb8f2881642ae75,0x17464fed2b89e7aa876187120b8b15a48be0c016,0x8ac4b326abce4ce52957a167bf2de501123fc731,1inch user
2021-10-02T23:53:22+00:00,0x0079df2d64e546f05121676b5921ddb03bcb2ebe9f0c5bfed70723aca60e8398,0xcf08434d9138781967fa273a6bb8f2881642ae75,0x17464fed2b89e7aa876187120b8b15a48be0c016,0x8ac4b326abce4ce52957a167bf2de501123fc731,dex trader
2021-10-03T00:15:19+00:00,0x562ac8222e9528078cdd73d8574486a32450676cb5ee39d857129fcb1fb08ef5,0xcf08434d9138781967fa273a6bb8f2881642ae75,0x17464fed2b89e7aa876187120b8b15a48be0c016,0x4b023c646bc04b56fad6cb3cfe9ea2cb27f2042d,
2021-10-03T01:02:43+00:00,0x18ccfbdac42d3780bbf4ca234131cbe442dff80bcf756bc95c9cfadc52c0fc16,0x6c6b0578dc05a6fd81ec67341454985756ad2e24,0xf7770d72ba76e82b3d326c01d4ff90eee6bf1210,0x0ebaf30895cb64cd31c9348cf540d6abb6c46734,balancer user
2021-10-03T01:02:43+00:00,0x18ccfbdac42d3780bbf4ca234131cbe442dff80bcf756bc95c9cfadc52c0fc16,0x6c6b0578dc05a6fd81ec67341454985756ad2e24,0xf7770d72ba76e82b3d326c01d4ff90eee6bf1210,0x0ebaf30895cb64cd31c9348cf540d6abb6c46734,compound user
2021-10-03T01:02:43+00:00,0x18ccfbdac42d3780bbf4ca234131cbe442dff80bcf756bc95c9cfadc52c0fc16,0x6c6b0578dc05a6fd81ec67341454985756ad2e24,0xf7770d72ba76e82b3d326c01d4ff90eee6bf1210,0x0ebaf30895cb64cd31c9348cf540d6abb6c46734,dex trader
2021-10-03T04:12:57+00:00,0xd36dbc0654a55af4ba421ee12515a82a4088f26971ce958eda28a18b45b953eb,0xc76f53dd3bf1c1604717e42b97f7effc8444febd,0x8c4746e36e139523f47336f74dfa8f26eb80b774,0x7e6fe4ae818af58af6ebd54bcd57c15439867d30,
2021-10-03T04:16:59+00:00,0x9fd02c24b0e5b13906858a5eb88416c82367dad1c3ae120a1a5aa4c4bf1e2d91,0xdde674821aa40d7b10fcae6a10cccf3f18b2e622,0x1c697634ec73f01ed7ef342f55748e7cf6912925,0x47e2687c7ca0188679e9fba48158e7acfae03a20,
2021-10-03T04:20:09+00:00,0xc9b1d09d210e459a55bfe16daf938a1c3800308c706bb0e1dbd72a08b9e76b68,0xd6584ed8882867fb26963dd05454c01ef3cb9b07,0xc2d4ed77f0bbb28809d2a8acea7b31ab2b77e96c,0x4f81dec94fd838a19804cb14473ec170b87e7c31,
2021-10-03T04:20:52+00:00,0xad6d1d3a22130c8b7a671f5fa5e4b853c893c76f0957ea4459977b5a83cf1a60,0xdde674821aa40d7b10fcae6a10cccf3f18b2e622,0x1c697634ec73f01ed7ef342f55748e7cf6912925,0x47e2687c7ca0188679e9fba48158e7acfae03a20,
2021-10-03T09:01:45+00:00,0x553d41593041ee17edd669ecd7c1be6feee8afa96433393668fac19ebd254c02,0xcf08434d9138781967fa273a6bb8f2881642ae75,0x49a4c277911015e290b8b151c95d4a50341723ea,0x4b023c646bc04b56fad6cb3cfe9ea2cb27f2042d,
2021-10-03T09:12:31+00:00,0x8f52471f4704ef4b161cb5492597dbdf3ad019879cc92f07c9bab4b08d9ed886,0xcf08434d9138781967fa273a6bb8f2881642ae75,0x49a4c277911015e290b8b151c95d4a50341723ea,0x4b023c646bc04b56fad6cb3cfe9ea2cb27f2042d,
2021-10-03T09:14:23+00:00,0x359cbc40c0396b591c45fb448cad4fdd1f92a1993b25536c9c3af81844bffa74,0xcf08434d9138781967fa273a6bb8f2881642ae75,0x49a4c277911015e290b8b151c95d4a50341723ea,0x4b023c646bc04b56fad6cb3cfe9ea2cb27f2042d,
2021-10-03T09:40:14+00:00,0xd419eb21acde31d46ec7c4fcb9e37b3289c4a9a63c98402604df00b862efa390,0xcf08434d9138781967fa273a6bb8f2881642ae75,0x49a4c277911015e290b8b151c95d4a50341723ea,0x4b023c646bc04b56fad6cb3cfe9ea2cb27f2042d,
2021-10-03T10:08:26+00:00,0xf1a4b531ae20f6b46c90a38ae723526533c2f03748af516c522fdfd699c016b5,0xcf08434d9138781967fa273a6bb8f2881642ae75,0x49a4c277911015e290b8b151c95d4a50341723ea,0x4b023c646bc04b56fad6cb3cfe9ea2cb27f2042d,
2021-10-03T11:25:08+00:00,0x451808e5d4f858509bc3f9574651f6c19253588b3bfe5894c7acc50f00eb1fe4,0x6c6b0578dc05a6fd81ec67341454985756ad2e24,0xbe665b76d15ca7f1be33774b89fc4f2d290d69f7,0x0ebaf30895cb64cd31c9348cf540d6abb6c46734,balancer user
2021-10-03T11:25:08+00:00,0x451808e5d4f858509bc3f9574651f6c19253588b3bfe5894c7acc50f00eb1fe4,0x6c6b0578dc05a6fd81ec67341454985756ad2e24,0xbe665b76d15ca7f1be33774b89fc4f2d290d69f7,0x0ebaf30895cb64cd31c9348cf540d6abb6c46734,compound user
2021-10-03T11:25:08+00:00,0x451808e5d4f858509bc3f9574651f6c19253588b3bfe5894c7acc50f00eb1fe4,0x6c6b0578dc05a6fd81ec67341454985756ad2e24,0xbe665b76d15ca7f1be33774b89fc4f2d290d69f7,0x0ebaf30895cb64cd31c9348cf540d6abb6c46734,dex trader
2021-10-03T11:25:53+00:00,0x7efa8b8a3a3911f6ae866c1afb94aec4b3e19085faa9b85ef30b0449cd8986e8,0x6c6b0578dc05a6fd81ec67341454985756ad2e24,0xbe665b76d15ca7f1be33774b89fc4f2d290d69f7,0x0ebaf30895cb64cd31c9348cf540d6abb6c46734,balancer user
2021-10-03T11:25:53+00:00,0x7efa8b8a3a3911f6ae866c1afb94aec4b3e19085faa9b85ef30b0449cd8986e8,0x6c6b0578dc05a6fd81ec67341454985756ad2e24,0xbe665b76d15ca7f1be33774b89fc4f2d290d69f7,0x0ebaf30895cb64cd31c9348cf540d6abb6c46734,compound user
2021-10-03T11:25:53+00:00,0x7efa8b8a3a3911f6ae866c1afb94aec4b3e19085faa9b85ef30b0449cd8986e8,0x6c6b0578dc05a6fd81ec67341454985756ad2e24,0xbe665b76d15ca7f1be33774b89fc4f2d290d69f7,0x0ebaf30895cb64cd31c9348cf540d6abb6c46734,dex trader
2021-10-03T12:20:42+00:00,0xddeec6266891e5f71011b57819938359bbc6fffefa4bfb181cb60b886bf80c2f,0xcf08434d9138781967fa273a6bb8f2881642ae75,0x17464fed2b89e7aa876187120b8b15a48be0c016,0x4b023c646bc04b56fad6cb3cfe9ea2cb27f2042d,
2021-10-03T12:20:42+00:00,0xddeec6266891e5f71011b57819938359bbc6fffefa4bfb181cb60b886bf80c2f,0xcf08434d9138781967fa273a6bb8f2881642ae75,0x17464fed2b89e7aa876187120b8b15a48be0c016,0xf71741c102e5295813912cf3b2fc07bc740a0f1c,
2021-10-03T12:52:25+00:00,0xdf597573584306236a451d7deef45d22bc5126f49509a86c3a33919da910b36c,0xcf08434d9138781967fa273a6bb8f2881642ae75,0x49a4c277911015e290b8b151c95d4a50341723ea,0x4b023c646bc04b56fad6cb3cfe9ea2cb27f2042d,
2021-10-03T15:04:28+00:00,0x5d581657895ede2924e8858ee2cc1bd14af5e137b5aeee8283c438341aa8dab6,0xcf08434d9138781967fa273a6bb8f2881642ae75,0x49a4c277911015e290b8b151c95d4a50341723ea,0x84e50a8262a1447c4ddbd578f9482d7fb8a62c43,
2021-10-03T16:26:38+00:00,0x28412ea53d52b4af9c244265ce2f393370bd010691440cf4cc70eba5b5ec0c56,0xd6584ed8882867fb26963dd05454c01ef3cb9b07,0xc2d4ed77f0bbb28809d2a8acea7b31ab2b77e96c,0x4f81dec94fd838a19804cb14473ec170b87e7c31,
2021-10-03T18:17:21+00:00,0xeefc4339a7912faf2d69310274afd06e25cdd7ed14cf49007e95548431f014f7,0xd6584ed8882867fb26963dd05454c01ef3cb9b07,0xc2d4ed77f0bbb28809d2a8acea7b31ab2b77e96c,0x4f81dec94fd838a19804cb14473ec170b87e7c31,
2021-10-03T20:43:35+00:00,0x810bed8ae963fa40db35a448afbfa738cfe0b8e0fed17ae7b2aff1e66042e363,0xcf08434d9138781967fa273a6bb8f2881642ae75,0x49a4c277911015e290b8b151c95d4a50341723ea,0x84e50a8262a1447c4ddbd578f9482d7fb8a62c43,
2021-10-03T21:18:25+00:00,0x194cc16872f0efa448dcd3f7800b347032606d36a2e569e0bb82d9bedd4c2a29,0xcf08434d9138781967fa273a6bb8f2881642ae75,0x49a4c277911015e290b8b151c95d4a50341723ea,0x84e50a8262a1447c4ddbd578f9482d7fb8a62c43,
2021-10-03T21:40:36+00:00,0x3e316724c353c2ed10daaa4e036bbfb1b1a954101100e5412021b0e2394db867,0xcf08434d9138781967fa273a6bb8f2881642ae75,0x49a4c277911015e290b8b151c95d4a50341723ea,0x84e50a8262a1447c4ddbd578f9482d7fb8a62c43,
2021-10-04T07:09:34+00:00,0x65f71a8047b9e2545e15e9418d5fac58868296392f98edff5e6dd4f53a9859c0,0xcf08434d9138781967fa273a6bb8f2881642ae75,0x17464fed2b89e7aa876187120b8b15a48be0c016,0xa451a46242cf206b3255fb89210ff93249f225fa,
2021-10-04T07:42:45+00:00,0x66080d2122fde0e7939d93ca3358ee80f0c2a7189d7730650a835a4e5432bce3,0xcf08434d9138781967fa273a6bb8f2881642ae75,0x49a4c277911015e290b8b151c95d4a50341723ea,0xa451a46242cf206b3255fb89210ff93249f225fa,
2021-10-04T10:04:53+00:00,0x8d9d6c5beb85385d2ce2a339f0ea087a96d52a71b136ec500aa79ab85ff616c2,0xcf08434d9138781967fa273a6bb8f2881642ae75,0x49a4c277911015e290b8b151c95d4a50341723ea,0xa451a46242cf206b3255fb89210ff93249f225fa,
2021-10-04T10:06:11+00:00,0xceee5d981036462add0c6788afdd510224adf4b307f7b94112c804e89e4046ad,0xcf08434d9138781967fa273a6bb8f2881642ae75,0x49a4c277911015e290b8b151c95d4a50341723ea,0xa451a46242cf206b3255fb89210ff93249f225fa,
2021-10-04T12:58:49+00:00,0x388ac04a976663d1dde22f8f26941697c8cb8f166a6834440ed1aa3a804c9503,0xcf08434d9138781967fa273a6bb8f2881642ae75,0x49a4c277911015e290b8b151c95d4a50341723ea,0xa451a46242cf206b3255fb89210ff93249f225fa,
2021-10-04T15:38:00+00:00,0x1cb9b4cc795a931f847f763fd1ceb9603fdc530a0b00cac6b8b4aabde0897903,0xec7d7bdb9296706f3b93178688ef89e4b81a8428,0x4236159c0f53050cf8134ce37decd663f972eab6,0xa451a46242cf206b3255fb89210ff93249f225fa,
2021-10-04T23:56:01+00:00,0x3e8c9b222e0a3cf96c50a074bf7007543156a2f4388358834bf8f347f97a4317,0xcf08434d9138781967fa273a6bb8f2881642ae75,0x49a4c277911015e290b8b151c95d4a50341723ea,0xa451a46242cf206b3255fb89210ff93249f225fa,
2021-10-05T01:30:55+00:00,0x9704ffb7a4e39470af18919d429452a45d1ee5434bf074559a3282fdee88effe,0xc76f53dd3bf1c1604717e42b97f7effc8444febd,0x8c4746e36e139523f47336f74dfa8f26eb80b774,0x7e6fe4ae818af58af6ebd54bcd57c15439867d30,
2021-10-05T04:16:48+00:00,0x27d704824d9f449233e7a89e17b6eedf23bc7b0f9f8af3cbfe1e262bc2158eb2,0xc76f53dd3bf1c1604717e42b97f7effc8444febd,0x8c4746e36e139523f47336f74dfa8f26eb80b774,0x7e6fe4ae818af58af6ebd54bcd57c15439867d30,
2021-10-05T04:17:28+00:00,0x3d94063e9f62f10faf32bf853ad903114054e793bdd3c482bbeee86f4e765d40,0xc76f53dd3bf1c1604717e42b97f7effc8444febd,0x8c4746e36e139523f47336f74dfa8f26eb80b774,0x7e6fe4ae818af58af6ebd54bcd57c15439867d30,
2021-10-05T06:11:58+00:00,0xcbf3b0eefddabb8330d1ff811acd94b50c6263a8c969b5024c6eea38222faf18,0xcf08434d9138781967fa273a6bb8f2881642ae75,0x49a4c277911015e290b8b151c95d4a50341723ea,0xa451a46242cf206b3255fb89210ff93249f225fa,
2021-10-05T06:22:58+00:00,0xf151a28456aefca1ee4c8c45f84d904e8e64d65ba3905f2943051024c72ddbd9,0xec7d7bdb9296706f3b93178688ef89e4b81a8428,0x4236159c0f53050cf8134ce37decd663f972eab6,0xa451a46242cf206b3255fb89210ff93249f225fa,
2021-10-05T10:54:32+00:00,0x7a02b9f1fb206967f7c21d7a93ac4435b0f03e72840513274f974792834388e5,0xec7d7bdb9296706f3b93178688ef89e4b81a8428,0x4236159c0f53050cf8134ce37decd663f972eab6,0x369577a3dd5bbda5dffb0ca5eecd8a7d8fa4d5fe,
2021-10-05T11:26:28+00:00,0x30438978e84e2b075372f2950fb822b60ac34b3426beb284e377c752f5ab2c02,0xec7d7bdb9296706f3b93178688ef89e4b81a8428,0x4236159c0f53050cf8134ce37decd663f972eab6,0x369577a3dd5bbda5dffb0ca5eecd8a7d8fa4d5fe,
2021-10-05T11:26:28+00:00,0x30438978e84e2b075372f2950fb822b60ac34b3426beb284e377c752f5ab2c02,0xec7d7bdb9296706f3b93178688ef89e4b81a8428,0x4236159c0f53050cf8134ce37decd663f972eab6,0x9ddd23c1ec9c69bc833008d4d2f86f6aa491bc91,0x api user
2021-10-05T11:26:28+00:00,0x30438978e84e2b075372f2950fb822b60ac34b3426beb284e377c752f5ab2c02,0xec7d7bdb9296706f3b93178688ef89e4b81a8428,0x4236159c0f53050cf8134ce37decd663f972eab6,0x9ddd23c1ec9c69bc833008d4d2f86f6aa491bc91,dex trader
2021-10-05T11:26:28+00:00,0x30438978e84e2b075372f2950fb822b60ac34b3426beb284e377c752f5ab2c02,0xec7d7bdb9296706f3b93178688ef89e4b81a8428,0x4236159c0f53050cf8134ce37decd663f972eab6,0x9ddd23c1ec9c69bc833008d4d2f86f6aa491bc91,matcha user
2021-10-05T11:26:28+00:00,0x30438978e84e2b075372f2950fb822b60ac34b3426beb284e377c752f5ab2c02,0xec7d7bdb9296706f3b93178688ef89e4b81a8428,0x4236159c0f53050cf8134ce37decd663f972eab6,0x9ddd23c1ec9c69bc833008d4d2f86f6aa491bc91,pair
2021-10-05T11:26:28+00:00,0x30438978e84e2b075372f2950fb822b60ac34b3426beb284e377c752f5ab2c02,0xec7d7bdb9296706f3b93178688ef89e4b81a8428,0x4236159c0f53050cf8134ce37decd663f972eab6,0x9ddd23c1ec9c69bc833008d4d2f86f6aa491bc91,sushiswap user
2021-10-05T11:26:28+00:00,0x30438978e84e2b075372f2950fb822b60ac34b3426beb284e377c752f5ab2c02,0xec7d7bdb9296706f3b93178688ef89e4b81a8428,0x4236159c0f53050cf8134ce37decd663f972eab6,0x9ddd23c1ec9c69bc833008d4d2f86f6aa491bc91,uni v2 lp bunny - weth
2021-10-05T11:26:28+00:00,0x30438978e84e2b075372f2950fb822b60ac34b3426beb284e377c752f5ab2c02,0xec7d7bdb9296706f3b93178688ef89e4b81a8428,0x4236159c0f53050cf8134ce37decd663f972eab6,0x9ddd23c1ec9c69bc833008d4d2f86f6aa491bc91,uniswap user
2021-10-05T11:26:28+00:00,0x30438978e84e2b075372f2950fb822b60ac34b3426beb284e377c752f5ab2c02,0xec7d7bdb9296706f3b93178688ef89e4b81a8428,0x4236159c0f53050cf8134ce37decd663f972eab6,0x9ddd23c1ec9c69bc833008d4d2f86f6aa491bc91,uniswap_v2
2021-10-05T14:08:37+00:00,0x2674bc679cbc1cf471bf2a9e910e2fa55ddcda320b6fbd905e860f3345b3598e,0xec7d7bdb9296706f3b93178688ef89e4b81a8428,0x4236159c0f53050cf8134ce37decd663f972eab6,0x369577a3dd5bbda5dffb0ca5eecd8a7d8fa4d5fe,
2021-10-05T14:46:50+00:00,0x63aa65ed0dc1829073fa7996f2b46a7face25821b620585b55038f6f7d35314f,0xec7d7bdb9296706f3b93178688ef89e4b81a8428,0x4236159c0f53050cf8134ce37decd663f972eab6,0x369577a3dd5bbda5dffb0ca5eecd8a7d8fa4d5fe,
2021-10-05T15:00:08+00:00,0xd45ac8333be5fb9c5bdf5d51b2306e682f5200cf3bba530a71cb7976e1980ec5,0x6c6b0578dc05a6fd81ec67341454985756ad2e24,0xbe665b76d15ca7f1be33774b89fc4f2d290d69f7,0x0ebaf30895cb64cd31c9348cf540d6abb6c46734,balancer user
2021-10-05T15:00:08+00:00,0xd45ac8333be5fb9c5bdf5d51b2306e682f5200cf3bba530a71cb7976e1980ec5,0x6c6b0578dc05a6fd81ec67341454985756ad2e24,0xbe665b76d15ca7f1be33774b89fc4f2d290d69f7,0x0ebaf30895cb64cd31c9348cf540d6abb6c46734,compound user
2021-10-05T15:00:08+00:00,0xd45ac8333be5fb9c5bdf5d51b2306e682f5200cf3bba530a71cb7976e1980ec5,0x6c6b0578dc05a6fd81ec67341454985756ad2e24,0xbe665b76d15ca7f1be33774b89fc4f2d290d69f7,0x0ebaf30895cb64cd31c9348cf540d6abb6c46734,dex trader
2021-10-05T18:57:41+00:00,0x8b1dca249fe16cc7a37de862815fe47318690f82a7520c3859c96373c07037ee,0x6c6b0578dc05a6fd81ec67341454985756ad2e24,0xf7770d72ba76e82b3d326c01d4ff90eee6bf1210,0x0ebaf30895cb64cd31c9348cf540d6abb6c46734,balancer user
2021-10-05T18:57:41+00:00,0x8b1dca249fe16cc7a37de862815fe47318690f82a7520c3859c96373c07037ee,0x6c6b0578dc05a6fd81ec67341454985756ad2e24,0xf7770d72ba76e82b3d326c01d4ff90eee6bf1210,0x0ebaf30895cb64cd31c9348cf540d6abb6c46734,compound user
2021-10-05T18:57:41+00:00,0x8b1dca249fe16cc7a37de862815fe47318690f82a7520c3859c96373c07037ee,0x6c6b0578dc05a6fd81ec67341454985756ad2e24,0xf7770d72ba76e82b3d326c01d4ff90eee6bf1210,0x0ebaf30895cb64cd31c9348cf540d6abb6c46734,dex trader
2021-10-05T18:59:58+00:00,0x84bd7607fee55d2f4dae5497559054dc63b71fc7acb750498d8a19853c486543,0xec7d7bdb9296706f3b93178688ef89e4b81a8428,0x4236159c0f53050cf8134ce37decd663f972eab6,0x369577a3dd5bbda5dffb0ca5eecd8a7d8fa4d5fe,
2021-10-05T19:05:30+00:00,0xd7829fd95729bbd72d2aa8d9c626cc9a4eda27410621016b2bd05410210289ae,0xec7d7bdb9296706f3b93178688ef89e4b81a8428,0x4236159c0f53050cf8134ce37decd663f972eab6,0x369577a3dd5bbda5dffb0ca5eecd8a7d8fa4d5fe,
2021-10-05T19:15:57+00:00,0x0f729d1b04ea79ed0b2f7b3adee878f203b0ede54a5dc9b4baa393dcc8144c84,0xec7d7bdb9296706f3b93178688ef89e4b81a8428,0x4236159c0f53050cf8134ce37decd663f972eab6,0x369577a3dd5bbda5dffb0ca5eecd8a7d8fa4d5fe,
2021-10-05T21:21:07+00:00,0x4dc74b241a0d5eb2820db733a8a27862db56a8f26c62ed7d4a78bf22bc55d125,0xec7d7bdb9296706f3b93178688ef89e4b81a8428,0x4236159c0f53050cf8134ce37decd663f972eab6,0x369577a3dd5bbda5dffb0ca5eecd8a7d8fa4d5fe,
2021-10-05T21:22:05+00:00,0xb5b3bc04733337c4d90f211195496548dcee9b2339413c36881e7c4e35b06d02,0xec7d7bdb9296706f3b93178688ef89e4b81a8428,0x4236159c0f53050cf8134ce37decd663f972eab6,0x369577a3dd5bbda5dffb0ca5eecd8a7d8fa4d5fe,
2021-10-05T23:29:10+00:00,0x62b072b13fec82541af3e6c918c318bb62b36f62c571e4449753df1576f15dfc,0xec7d7bdb9296706f3b93178688ef89e4b81a8428,0x4236159c0f53050cf8134ce37decd663f972eab6,0x369577a3dd5bbda5dffb0ca5eecd8a7d8fa4d5fe,
2021-10-05T23:30:33+00:00,0x67dd1ed56ff2619b6af6d67bb91447b171eb5f7ea09e41ec05ea34db80decabc,0xec7d7bdb9296706f3b93178688ef89e4b81a8428,0x4236159c0f53050cf8134ce37decd663f972eab6,0x369577a3dd5bbda5dffb0ca5eecd8a7d8fa4d5fe,
2021-10-06T01:25:11+00:00,0xaa60b2f3df6c8653fd63109cb98c0ca5adcc0df5c42e13db5422e6c584c80ffd,0xcf08434d9138781967fa273a6bb8f2881642ae75,0x17464fed2b89e7aa876187120b8b15a48be0c016,0x2556af642d8a83746f6363741d132b9005569d68,
2021-10-06T02:44:30+00:00,0x419976081907cf0cf4471a12f0c5716ff0cf65e8f2e32e64bb37e699b434bb38,0xec7d7bdb9296706f3b93178688ef89e4b81a8428,0x4236159c0f53050cf8134ce37decd663f972eab6,0x2556af642d8a83746f6363741d132b9005569d68,
2021-10-06T03:06:49+00:00,0xdd0def353f5485d2a7b491ffdc00dc927400f7cbe73f80309849dd33759f1106,0xec7d7bdb9296706f3b93178688ef89e4b81a8428,0x4236159c0f53050cf8134ce37decd663f972eab6,0x2556af642d8a83746f6363741d132b9005569d68,
2021-10-06T03:07:18+00:00,0x7a2f0abc9fed4657a480b97bb41f4a20469949d4b5003a9ad65543c32fbb6212,0xec7d7bdb9296706f3b93178688ef89e4b81a8428,0x4236159c0f53050cf8134ce37decd663f972eab6,0x2556af642d8a83746f6363741d132b9005569d68,
2021-10-06T03:09:04+00:00,0x2eb1614ffe3b451b51729eb434644ab6fa1027f5bad6b51687d2c94dd6944854,0xec7d7bdb9296706f3b93178688ef89e4b81a8428,0x4236159c0f53050cf8134ce37decd663f972eab6,0x2556af642d8a83746f6363741d132b9005569d68,
2021-10-06T20:02:28+00:00,0x8e37b088aabd7bdba74f709dd7fe442f812d38cb04fa6e67f454e25f9d2f0e1b,0xcf08434d9138781967fa273a6bb8f2881642ae75,0x17464fed2b89e7aa876187120b8b15a48be0c016,0xbea46cd8787ba134e401d9deb3ceae4edddbc654,
2021-10-07T15:07:20+00:00,0x6bb3fd15fe3896f0b9e07974d442133f362ee07f917121e0e86f2bccaeca0bf3,0xcf08434d9138781967fa273a6bb8f2881642ae75,0x17464fed2b89e7aa876187120b8b15a48be0c016,0xbea46cd8787ba134e401d9deb3ceae4edddbc654,
2021-10-07T15:20:36+00:00,0x30c4a599f143e5aa0f4a9db272334f8387c44a4d11b0aa8b0d8832e7331d36ef,0xec7d7bdb9296706f3b93178688ef89e4b81a8428,0x4236159c0f53050cf8134ce37decd663f972eab6,0xbea46cd8787ba134e401d9deb3ceae4edddbc654,
2021-10-08T07:15:27+00:00,0xef31ed443106dfd70991aa5bf7a62cdcb66e5e457ab49ccce1732974aabad98f,0xec7d7bdb9296706f3b93178688ef89e4b81a8428,0x4236159c0f53050cf8134ce37decd663f972eab6,0x3dfd1c98aaea07ca8cff4f64d7e1372da9dc2188,
2021-10-08T11:34:53+00:00,0x450d58dfa57ebf0e8f316a66faf397e522fa778bbbb2d7302349f4d3c9ca3006,0xec7d7bdb9296706f3b93178688ef89e4b81a8428,0xa7454e8821bba38f7e98c3cf4bab75cd266eb46f,0x3dfd1c98aaea07ca8cff4f64d7e1372da9dc2188,
2021-10-08T18:26:29+00:00,0x9d19baf5f67c8732212db78cc977807bbc0cb22abb78d5a48be55997778d8ac9,0xec7d7bdb9296706f3b93178688ef89e4b81a8428,0x4236159c0f53050cf8134ce37decd663f972eab6,0x3dfd1c98aaea07ca8cff4f64d7e1372da9dc2188,
2021-10-08T18:29:21+00:00,0xe51ffd523c12a169d18a68b5ae43217c1987152e679315e526232319488ee3cf,0xec7d7bdb9296706f3b93178688ef89e4b81a8428,0x4236159c0f53050cf8134ce37decd663f972eab6,0x3dfd1c98aaea07ca8cff4f64d7e1372da9dc2188,
2021-10-08T18:29:21+00:00,0xe51ffd523c12a169d18a68b5ae43217c1987152e679315e526232319488ee3cf,0xec7d7bdb9296706f3b93178688ef89e4b81a8428,0x4236159c0f53050cf8134ce37decd663f972eab6,0x75b8c48bdb04d426aed57b36bb835ad2dc321c30,
2021-10-08T18:45:13+00:00,0x0a650c10b37c59b4878cec0b659537cac6fc3eaf816d7aee11bbe3507d4b8835,0xec7d7bdb9296706f3b93178688ef89e4b81a8428,0xa7454e8821bba38f7e98c3cf4bab75cd266eb46f,0x3dfd1c98aaea07ca8cff4f64d7e1372da9dc2188,
2021-10-08T20:15:43+00:00,0xd3ddf52cce6b7285747974c4431044262d31754587e8487d2ba41753a810f1f0,0xec7d7bdb9296706f3b93178688ef89e4b81a8428,0x4236159c0f53050cf8134ce37decd663f972eab6,0x3dfd1c98aaea07ca8cff4f64d7e1372da9dc2188,
2021-10-08T22:42:04+00:00,0x526d5d6ef4dc27e518a7c8a09d5f230449d7f5607c65e026e9604b067267437c,0xcf08434d9138781967fa273a6bb8f2881642ae75,0x17464fed2b89e7aa876187120b8b15a48be0c016,0x3dfd1c98aaea07ca8cff4f64d7e1372da9dc2188,
2021-10-08T23:11:22+00:00,0x0a15f6ebae80dd400837299e7bd29084d2f77666638d392646e40b9e468ea533,0xcf08434d9138781967fa273a6bb8f2881642ae75,0x17464fed2b89e7aa876187120b8b15a48be0c016,0x3dfd1c98aaea07ca8cff4f64d7e1372da9dc2188,
2021-10-08T23:53:21+00:00,0xde1be77c4c74f8440397a56743c4ba2c8cc915f2cfd583a490779786f5fcf2ad,0xc76f53dd3bf1c1604717e42b97f7effc8444febd,0x8c4746e36e139523f47336f74dfa8f26eb80b774,0xfdfc5636e1381efbc73a45bc4b0b10a7720b367e,
2021-10-08T23:59:53+00:00,0x62d79f75f5f483a48990744e566772a0452105729daf9b0a864e3a3897c2beb6,0xc76f53dd3bf1c1604717e42b97f7effc8444febd,0x8c4746e36e139523f47336f74dfa8f26eb80b774,0xfdfc5636e1381efbc73a45bc4b0b10a7720b367e,
2021-10-09T00:24:12+00:00,0xed3c36018ce0da77afb38edce4b084f98432579638af8c1f5b934a73274d1e85,0xc76f53dd3bf1c1604717e42b97f7effc8444febd,0x8c4746e36e139523f47336f74dfa8f26eb80b774,0xfdfc5636e1381efbc73a45bc4b0b10a7720b367e,
2021-10-09T00:49:22+00:00,0xb7876949dc3fc8ba06204fc7a7814fe9a2481419f9c71a7402614ed2d3c00468,0xc76f53dd3bf1c1604717e42b97f7effc8444febd,0x8c4746e36e139523f47336f74dfa8f26eb80b774,0xfdfc5636e1381efbc73a45bc4b0b10a7720b367e,
2021-10-09T01:35:45+00:00,0xbf9bd1de0ddcc44d234446d3ce8a30f5cf2f6f175c6bd20a8c9381f48ffaa0be,0xec7d7bdb9296706f3b93178688ef89e4b81a8428,0x4236159c0f53050cf8134ce37decd663f972eab6,0x3dfd1c98aaea07ca8cff4f64d7e1372da9dc2188,
2021-10-09T01:36:13+00:00,0x0ac53a22a88402afee585191d3fa09c80fb066da7fd64641b96cc66d75d7a3db,0xec7d7bdb9296706f3b93178688ef89e4b81a8428,0x4236159c0f53050cf8134ce37decd663f972eab6,0x3dfd1c98aaea07ca8cff4f64d7e1372da9dc2188,
2021-10-09T02:54:55+00:00,0x71ed13849980c5b952809027a46f763959183d774c150025d5c7868666e0ee39,0xec7d7bdb9296706f3b93178688ef89e4b81a8428,0x4236159c0f53050cf8134ce37decd663f972eab6,0x3dfd1c98aaea07ca8cff4f64d7e1372da9dc2188,
2021-10-09T02:55:31+00:00,0xd8e0186860193686dd5b8efba260d4c431e6245bf5e5356c24584c45085aaf6b,0xec7d7bdb9296706f3b93178688ef89e4b81a8428,0x4236159c0f53050cf8134ce37decd663f972eab6,0x3dfd1c98aaea07ca8cff4f64d7e1372da9dc2188,
2021-10-09T02:59:23+00:00,0xda1b881ccc176653d9c7843f9a58617756f9a0d3b6b17f696cc32eb0ceea8bcc,0xec7d7bdb9296706f3b93178688ef89e4b81a8428,0x4236159c0f53050cf8134ce37decd663f972eab6,0x3dfd1c98aaea07ca8cff4f64d7e1372da9dc2188,
2021-10-09T05:43:44+00:00,0x7f24c6582fb1b220403e660421c9afd204a2fc7b2573fba80821801f142e9bb4,0xec7d7bdb9296706f3b93178688ef89e4b81a8428,0xa7454e8821bba38f7e98c3cf4bab75cd266eb46f,0x810a8bcd2e13a0706ff0c2686e7a9135d192aaba,
2021-10-09T09:20:15+00:00,0xf8ce77c099d75ef9c577b317cbac5fe777ad2dd2c89dcb887136672efb6a9705,0xec7d7bdb9296706f3b93178688ef89e4b81a8428,0x4236159c0f53050cf8134ce37decd663f972eab6,0x810a8bcd2e13a0706ff0c2686e7a9135d192aaba,
2021-10-09T13:27:33+00:00,0xb0c45afb514753c7a10c51afa49beeae5bb337eed2d05e1ad4d818a9b7d31d20,0xd6584ed8882867fb26963dd05454c01ef3cb9b07,0xc2d4ed77f0bbb28809d2a8acea7b31ab2b77e96c,0x4f81dec94fd838a19804cb14473ec170b87e7c31,
2021-10-09T21:18:09+00:00,0x2ede6355ce91091df369892357bc8d2534b5d0abedecc361fb507af3bc7f9311,0xec7d7bdb9296706f3b93178688ef89e4b81a8428,0x4236159c0f53050cf8134ce37decd663f972eab6,0x810a8bcd2e13a0706ff0c2686e7a9135d192aaba,
2021-10-09T21:18:37+00:00,0xb8a9e5ac642910034ed85a5f6ac840702a21c105df4a9207dde4747969f9de50,0xec7d7bdb9296706f3b93178688ef89e4b81a8428,0x4236159c0f53050cf8134ce37decd663f972eab6,0x810a8bcd2e13a0706ff0c2686e7a9135d192aaba,
2021-10-09T22:38:45+00:00,0x7ace7d5d019f9adac6e62f12385161c0691db2a3ba4b2560523a011ea511d483,0x6c6b0578dc05a6fd81ec67341454985756ad2e24,0xbe665b76d15ca7f1be33774b89fc4f2d290d69f7,0xe987e2f1cdd80aeea92a9c2b067b592fb698c4a7,aave user
2021-10-09T22:38:45+00:00,0x7ace7d5d019f9adac6e62f12385161c0691db2a3ba4b2560523a011ea511d483,0x6c6b0578dc05a6fd81ec67341454985756ad2e24,0xbe665b76d15ca7f1be33774b89fc4f2d290d69f7,0xe987e2f1cdd80aeea92a9c2b067b592fb698c4a7,dex trader
2021-10-09T22:38:45+00:00,0x7ace7d5d019f9adac6e62f12385161c0691db2a3ba4b2560523a011ea511d483,0x6c6b0578dc05a6fd81ec67341454985756ad2e24,0xbe665b76d15ca7f1be33774b89fc4f2d290d69f7,0xe987e2f1cdd80aeea92a9c2b067b592fb698c4a7,sushiswap user
2021-10-10T01:06:04+00:00,0x3db8a087456a51fd43acbfcc6f8981968579f1fa0bdab9c0c3c30e50582b1c40,0xc76f53dd3bf1c1604717e42b97f7effc8444febd,0x8c4746e36e139523f47336f74dfa8f26eb80b774,0xfdfc5636e1381efbc73a45bc4b0b10a7720b367e,
2021-10-10T01:58:53+00:00,0xeb17e96c97c5ed26cccb2fca20f8e99921b25988a4e99724420c292575c1badf,0x6c6b0578dc05a6fd81ec67341454985756ad2e24,0xbe665b76d15ca7f1be33774b89fc4f2d290d69f7,0xe987e2f1cdd80aeea92a9c2b067b592fb698c4a7,aave user
2021-10-10T01:58:53+00:00,0xeb17e96c97c5ed26cccb2fca20f8e99921b25988a4e99724420c292575c1badf,0x6c6b0578dc05a6fd81ec67341454985756ad2e24,0xbe665b76d15ca7f1be33774b89fc4f2d290d69f7,0xe987e2f1cdd80aeea92a9c2b067b592fb698c4a7,dex trader
2021-10-10T01:58:53+00:00,0xeb17e96c97c5ed26cccb2fca20f8e99921b25988a4e99724420c292575c1badf,0x6c6b0578dc05a6fd81ec67341454985756ad2e24,0xbe665b76d15ca7f1be33774b89fc4f2d290d69f7,0xe987e2f1cdd80aeea92a9c2b067b592fb698c4a7,sushiswap user
2021-10-10T01:59:15+00:00,0xb2c9021f8dc33ff5b321331eb627e080dc77f7fd4092629deb06cf664695e2c7,0x6c6b0578dc05a6fd81ec67341454985756ad2e24,0xbe665b76d15ca7f1be33774b89fc4f2d290d69f7,0xe987e2f1cdd80aeea92a9c2b067b592fb698c4a7,aave user
2021-10-10T01:59:15+00:00,0xb2c9021f8dc33ff5b321331eb627e080dc77f7fd4092629deb06cf664695e2c7,0x6c6b0578dc05a6fd81ec67341454985756ad2e24,0xbe665b76d15ca7f1be33774b89fc4f2d290d69f7,0xe987e2f1cdd80aeea92a9c2b067b592fb698c4a7,dex trader
2021-10-10T01:59:15+00:00,0xb2c9021f8dc33ff5b321331eb627e080dc77f7fd4092629deb06cf664695e2c7,0x6c6b0578dc05a6fd81ec67341454985756ad2e24,0xbe665b76d15ca7f1be33774b89fc4f2d290d69f7,0xe987e2f1cdd80aeea92a9c2b067b592fb698c4a7,sushiswap user
2021-10-10T04:53:47+00:00,0x01e0e8abd9a7e8029784d6981582fe89b2c3ee1e324bb9e5962c0248ccb862c6,0xec7d7bdb9296706f3b93178688ef89e4b81a8428,0x4236159c0f53050cf8134ce37decd663f972eab6,0x810a8bcd2e13a0706ff0c2686e7a9135d192aaba,
2021-10-10T04:54:41+00:00,0x585f394155aa0d1befce49668388032560c36e07a9c445d7d09015136df80b41,0xec7d7bdb9296706f3b93178688ef89e4b81a8428,0x4236159c0f53050cf8134ce37decd663f972eab6,0x810a8bcd2e13a0706ff0c2686e7a9135d192aaba,
2021-10-10T04:56:02+00:00,0xfb6502f6fe1e7b9194244b67d4a31e892f38ea04ee46ee7a971e779f2475e3c9,0xec7d7bdb9296706f3b93178688ef89e4b81a8428,0x4236159c0f53050cf8134ce37decd663f972eab6,0x810a8bcd2e13a0706ff0c2686e7a9135d192aaba,
2021-10-10T08:13:35+00:00,0x2d232cbf133023d9cf86220e810aca13e21b0c2b5f3693f2262b2485b0d89a84,0xdde674821aa40d7b10fcae6a10cccf3f18b2e622,0x1c697634ec73f01ed7ef342f55748e7cf6912925,0xc8b4f51e136b1cc6fa64828905575ccf4deb19f2,
2021-10-10T09:09:11+00:00,0x573eb50794ed96f49cefea7a4edcef0cea505a4a528c4b988b5967e184143691,0xdde674821aa40d7b10fcae6a10cccf3f18b2e622,0x814e7f6d6f97498949ab8bfa766545c3c9d0eb9c,0xc8b4f51e136b1cc6fa64828905575ccf4deb19f2,
2021-10-10T10:29:21+00:00,0x1c2b82dcc2d741beb0368445dce908be61655401a696f23cf471dad785de2ad2,0xcf08434d9138781967fa273a6bb8f2881642ae75,0x17464fed2b89e7aa876187120b8b15a48be0c016,0x810a8bcd2e13a0706ff0c2686e7a9135d192aaba,
2021-10-10T12:48:45+00:00,0x6ad70e3dec096fd2fd6c3549a57252758a15730fe6c67e0ce484a925d461c9b4,0xec7d7bdb9296706f3b93178688ef89e4b81a8428,0xa7454e8821bba38f7e98c3cf4bab75cd266eb46f,0x810a8bcd2e13a0706ff0c2686e7a9135d192aaba,
2021-10-10T13:06:40+00:00,0xbd438ffe44b9c9abd0f550777929d058834059767e664364696b213031685ee6,0xec7d7bdb9296706f3b93178688ef89e4b81a8428,0xa7454e8821bba38f7e98c3cf4bab75cd266eb46f,0x810a8bcd2e13a0706ff0c2686e7a9135d192aaba,
2021-10-10T15:11:20+00:00,0x907596c57124bf53ff0b8b88cd5b8a07663e11c813cb627a430dc6149e97ce0b,0xec7d7bdb9296706f3b93178688ef89e4b81a8428,0x4236159c0f53050cf8134ce37decd663f972eab6,0x810a8bcd2e13a0706ff0c2686e7a9135d192aaba,
2021-10-10T17:45:58+00:00,0x5bd80ef1761de5e6ec79d3e3898e15f30e3a9b8ca22342580e1b136a767dc6ec,0xec7d7bdb9296706f3b93178688ef89e4b81a8428,0x4236159c0f53050cf8134ce37decd663f972eab6,0x810a8bcd2e13a0706ff0c2686e7a9135d192aaba,
2021-10-10T17:52:18+00:00,0xe933ced9ac21f3d62d986ecc9199f7bb7d5c34861a944630fa2472f0dc97195a,0xec7d7bdb9296706f3b93178688ef89e4b81a8428,0x4236159c0f53050cf8134ce37decd663f972eab6,0x810a8bcd2e13a0706ff0c2686e7a9135d192aaba,
2021-10-10T17:58:35+00:00,0xb336ffb68b700fdf3ccb94c9ec9af06ae3985dc0f2433e277738add85b886c2b,0xcf08434d9138781967fa273a6bb8f2881642ae75,0x17464fed2b89e7aa876187120b8b15a48be0c016,0x810a8bcd2e13a0706ff0c2686e7a9135d192aaba,
2021-10-10T18:00:14+00:00,0x1d493a8d68db961ea58441c6c43e8ecb75609a13102362133802a6715a6b90b7,0xec7d7bdb9296706f3b93178688ef89e4b81a8428,0x4236159c0f53050cf8134ce37decd663f972eab6,0x810a8bcd2e13a0706ff0c2686e7a9135d192aaba,
2021-10-10T18:01:27+00:00,0xc298137a3486b1183967acc43d76afcbfa29ba9ae4386e6ca3fde640b79ce3d8,0xec7d7bdb9296706f3b93178688ef89e4b81a8428,0x4236159c0f53050cf8134ce37decd663f972eab6,0x810a8bcd2e13a0706ff0c2686e7a9135d192aaba,
2021-10-10T19:50:07+00:00,0x841537fe67c4a4192f00b8ad4d2233e6de8a2d7f6fb48a259ff6d73079f488e1,0xec7d7bdb9296706f3b93178688ef89e4b81a8428,0x4236159c0f53050cf8134ce37decd663f972eab6,0x810a8bcd2e13a0706ff0c2686e7a9135d192aaba,
2021-10-11T11:36:29+00:00,0xc9214cbca677a188efa188bcdc336bcc7726a5fd8386ebf7dfa5867f7c627261,0xec7d7bdb9296706f3b93178688ef89e4b81a8428,0xa7454e8821bba38f7e98c3cf4bab75cd266eb46f,0x9cbb3edecdf8649f653ffe492d65bd777f4bc4f0,
2021-10-11T15:23:06+00:00,0x93373a07df288d454d8d56bc535dac65c75e6383d9e85bd02f1e5dc6d2fe1dc0,0xec7d7bdb9296706f3b93178688ef89e4b81a8428,0x4236159c0f53050cf8134ce37decd663f972eab6,0x9cbb3edecdf8649f653ffe492d65bd777f4bc4f0,
2021-10-11T15:39:58+00:00,0xe5713c9cdc6d0097865f909cdf86cc14ba4a2ed99834aff31a3e51d44569e40f,0xec7d7bdb9296706f3b93178688ef89e4b81a8428,0x4236159c0f53050cf8134ce37decd663f972eab6,0x9cbb3edecdf8649f653ffe492d65bd777f4bc4f0,
2021-10-11T21:57:06+00:00,0x0c5b42f821600133d6f980610396ef7d9c8bd9a649d596bd71d29dfab6a9d0c1,0xec7d7bdb9296706f3b93178688ef89e4b81a8428,0x4236159c0f53050cf8134ce37decd663f972eab6,0x9cbb3edecdf8649f653ffe492d65bd777f4bc4f0,
2021-10-12T08:19:54+00:00,0xd3f7ff5b2120d63455c8d5e732cc22bebf109294a262e85b334c5a65342446d6,0xec7d7bdb9296706f3b93178688ef89e4b81a8428,0x4236159c0f53050cf8134ce37decd663f972eab6,0x9cbb3edecdf8649f653ffe492d65bd777f4bc4f0,
2021-10-12T14:30:39+00:00,0x7aab7d42eda05bc84b55909e2548982ea9bcd018c53e6e0a37a5b14956bb2a37,0xdde674821aa40d7b10fcae6a10cccf3f18b2e622,0x814e7f6d6f97498949ab8bfa766545c3c9d0eb9c,0xc8b4f51e136b1cc6fa64828905575ccf4deb19f2,
2021-10-12T15:03:37+00:00,0x4ead25720442c33d40f2d3d318282b0ddd5e7b701d430b01011e14ba12b546db,0xec7d7bdb9296706f3b93178688ef89e4b81a8428,0x4236159c0f53050cf8134ce37decd663f972eab6,0x9cbb3edecdf8649f653ffe492d65bd777f4bc4f0,
2021-10-12T18:43:30+00:00,0x07c7a5127b76e7110970daa9eca7cb1671585828eabcd845277d0d97ac21e161,0xec7d7bdb9296706f3b93178688ef89e4b81a8428,0x4236159c0f53050cf8134ce37decd663f972eab6,0x9cbb3edecdf8649f653ffe492d65bd777f4bc4f0,
2021-10-12T20:34:21+00:00,0xdcf185b511158450bae361556dd1f9d1f27ad9928134a5e725617e77be712242,0xec7d7bdb9296706f3b93178688ef89e4b81a8428,0x4236159c0f53050cf8134ce37decd663f972eab6,0x9cbb3edecdf8649f653ffe492d65bd777f4bc4f0,
2021-10-13T16:34:17+00:00,0x5b6e95199ce4223e8337bdb8988c95a0174137ab72158ba66ddba22ff50aaf67,0xcf08434d9138781967fa273a6bb8f2881642ae75,0x17464fed2b89e7aa876187120b8b15a48be0c016,0xf50ce3414daa4338ba8836ba722ac6439044d250,
2021-10-13T19:20:27+00:00,0xae5b518f3c883906e0df5da2f408f38df5a1afb266f8f4fd4fbcd94586750779,0xec7d7bdb9296706f3b93178688ef89e4b81a8428,0x4236159c0f53050cf8134ce37decd663f972eab6,0xf50ce3414daa4338ba8836ba722ac6439044d250,
2021-10-14T05:17:46+00:00,0xcdfeeead95df5f365a7c78e99da2464e9f4c173640a578f451154e82515aa250,0xec7d7bdb9296706f3b93178688ef89e4b81a8428,0x4236159c0f53050cf8134ce37decd663f972eab6,0xf50ce3414daa4338ba8836ba722ac6439044d250,
2021-10-14T08:05:33+00:00,0x2ec71f36554f596ece61e7f36b661940fc91f5dcb05f79e6b7f0ba83a16af96c,0xec7d7bdb9296706f3b93178688ef89e4b81a8428,0x4236159c0f53050cf8134ce37decd663f972eab6,0xf50ce3414daa4338ba8836ba722ac6439044d250,
2021-10-14T22:33:34+00:00,0x8801d243257abeef0567a35684bc8c3ceead453c43613f23385b44b224e55337,0xcf08434d9138781967fa273a6bb8f2881642ae75,0x17464fed2b89e7aa876187120b8b15a48be0c016,0xf50ce3414daa4338ba8836ba722ac6439044d250,
2021-10-14T23:40:46+00:00,0x34be9c4294b030e3f8b43f706aa4cedce57c60f35633b774095d506a3904389a,0xec7d7bdb9296706f3b93178688ef89e4b81a8428,0x4236159c0f53050cf8134ce37decd663f972eab6,0xf50ce3414daa4338ba8836ba722ac6439044d250,
2021-10-15T03:45:30+00:00,0x2179ffeac577039d13b4492c29b2234098d54fe94e8e95b1b0601ca68df68d2a,0xec7d7bdb9296706f3b93178688ef89e4b81a8428,0x4236159c0f53050cf8134ce37decd663f972eab6,0xf50ce3414daa4338ba8836ba722ac6439044d250,
2021-10-15T03:58:51+00:00,0x24cc648c53c60c784686c6807af0343e9d3e49538794008190ff69a77de16dba,0xec7d7bdb9296706f3b93178688ef89e4b81a8428,0x4236159c0f53050cf8134ce37decd663f972eab6,0xf50ce3414daa4338ba8836ba722ac6439044d250,
2021-10-15T03:59:19+00:00,0xd2f65682e8d69c44b9c79080ce6482919ad55bbc3cf5858a7c4af5e0a98962cb,0xec7d7bdb9296706f3b93178688ef89e4b81a8428,0x4236159c0f53050cf8134ce37decd663f972eab6,0xf50ce3414daa4338ba8836ba722ac6439044d250,
2021-10-15T09:38:00+00:00,0x832aa2efa57f8f94d0a795d0f37ea861882444015272c9a756efd294acde39dc,0xdde674821aa40d7b10fcae6a10cccf3f18b2e622,0x1c697634ec73f01ed7ef342f55748e7cf6912925,0xc8b4f51e136b1cc6fa64828905575ccf4deb19f2,
2021-10-15T16:58:53+00:00,0x0d9f1d8b973e152e64eac0389a58afc358ba61ff3200015438338d60e1a96243,0xec7d7bdb9296706f3b93178688ef89e4b81a8428,0x4236159c0f53050cf8134ce37decd663f972eab6,0xf50ce3414daa4338ba8836ba722ac6439044d250,
2021-10-15T17:01:18+00:00,0x298604eaee27ae4aa4366c156cfa965d9762618efe19b78d12a9af5e61bff215,0xec7d7bdb9296706f3b93178688ef89e4b81a8428,0x4236159c0f53050cf8134ce37decd663f972eab6,0xf50ce3414daa4338ba8836ba722ac6439044d250,
2021-10-15T17:18:09+00:00,0x914d7e6c131443f2397301b1e414d6e22cdc0938744a6d15910f4e63bd3b0662,0xec7d7bdb9296706f3b93178688ef89e4b81a8428,0xa7454e8821bba38f7e98c3cf4bab75cd266eb46f,0xf50ce3414daa4338ba8836ba722ac6439044d250,
2021-10-15T17:32:19+00:00,0x6495247b14f915c9bc46424b21f0b38e196006b4f21a9b20986c7ea10a49989e,0xec7d7bdb9296706f3b93178688ef89e4b81a8428,0x4236159c0f53050cf8134ce37decd663f972eab6,0xf50ce3414daa4338ba8836ba722ac6439044d250,
2021-10-15T17:43:54+00:00,0x17513a4730a4df28cad74bd6c4f59d462a89b9edbe8c4658a46ae31c273d2622,0xec7d7bdb9296706f3b93178688ef89e4b81a8428,0x4236159c0f53050cf8134ce37decd663f972eab6,0xf50ce3414daa4338ba8836ba722ac6439044d250,
2021-10-16T07:41:35+00:00,0xa40045566a40084a857298b2a9ee4b6ab158127d9f2ea2586d5ca75e540b4c55,0x6c6b0578dc05a6fd81ec67341454985756ad2e24,0xbe665b76d15ca7f1be33774b89fc4f2d290d69f7,0xe987e2f1cdd80aeea92a9c2b067b592fb698c4a7,aave user
2021-10-16T07:41:35+00:00,0xa40045566a40084a857298b2a9ee4b6ab158127d9f2ea2586d5ca75e540b4c55,0x6c6b0578dc05a6fd81ec67341454985756ad2e24,0xbe665b76d15ca7f1be33774b89fc4f2d290d69f7,0xe987e2f1cdd80aeea92a9c2b067b592fb698c4a7,dex trader
2021-10-16T07:41:35+00:00,0xa40045566a40084a857298b2a9ee4b6ab158127d9f2ea2586d5ca75e540b4c55,0x6c6b0578dc05a6fd81ec67341454985756ad2e24,0xbe665b76d15ca7f1be33774b89fc4f2d290d69f7,0xe987e2f1cdd80aeea92a9c2b067b592fb698c4a7,sushiswap user
2021-10-16T08:28:31+00:00,0x026a10a05b7b3327045d8f0f8162d0b0a8777c8aa98e7be05cf0ad32dacb9565,0xec7d7bdb9296706f3b93178688ef89e4b81a8428,0x4236159c0f53050cf8134ce37decd663f972eab6,0x13530ff0cb45c8c6164ccc567da0d9ae5d15f473,
2021-10-16T09:39:56+00:00,0xd7897ce483d1cbf9cb0ed565a0b89366a0ce5e11928ccff736b5c5daf8e2330b,0xec7d7bdb9296706f3b93178688ef89e4b81a8428,0x4236159c0f53050cf8134ce37decd663f972eab6,0x13530ff0cb45c8c6164ccc567da0d9ae5d15f473,
2021-10-16T20:31:20+00:00,0x10bc51e2e2521fa3ae0a525c289dcb0667cc6e4dc57690e19419323da95f40cb,0xec7d7bdb9296706f3b93178688ef89e4b81a8428,0x4236159c0f53050cf8134ce37decd663f972eab6,0x13530ff0cb45c8c6164ccc567da0d9ae5d15f473,
2021-10-16T20:43:49+00:00,0xd0edca414c5e1ad49c201a06c0362c02c2fa6eaad1a9d503a7ca2f05c993f974,0xec7d7bdb9296706f3b93178688ef89e4b81a8428,0xa7454e8821bba38f7e98c3cf4bab75cd266eb46f,0x13530ff0cb45c8c6164ccc567da0d9ae5d15f473,
