block_time,hacker_address,eth_deposited,tx_hash
2022-07-19T12:33:25+00:00,0x09b5027ef3a3b7332ee90321e558bad9c4447afa,1.0,0x67f3735b54517bdfeb68115c8052fc53f483f06bcd2eacfbb4eb32eca7b05322
2022-07-19T12:33:25+00:00,0x09b5027ef3a3b7332ee90321e558bad9c4447afa,1.0,0xc2821b7574dcb0fa236b9f4756ee4799677a57a583fbbb16e500d7973403dc4a
2022-07-19T12:33:25+00:00,0x09b5027ef3a3b7332ee90321e558bad9c4447afa,1.0,0x65bf3fcc2efde7e4a818bd0324cb3a3260dd9df3cb770f71b20b0a53fe767362
2022-07-19T12:30:07+00:00,0x09b5027ef3a3b7332ee90321e558bad9c4447afa,1.0,0x81f009587ecbfe8a7e90c193d1776a16881e777f18d94a8883c4c3ea962be0d7
2022-07-19T12:29:42+00:00,0x09b5027ef3a3b7332ee90321e558bad9c4447afa,1.0,0x10cef636b04dd8ef17eaedc8ee03114e83e5633a9d1a7312631d1af54d966146
2022-07-19T12:29:42+00:00,0x09b5027ef3a3b7332ee90321e558bad9c4447afa,1.0,0xc8eb2c36b8b8b515189e766f7053cec372fe30b003443ef43b275de43f343771
2022-07-19T12:28:59+00:00,0x09b5027ef3a3b7332ee90321e558bad9c4447afa,1.0,0x2eb0b3394699ef25592c8650096ab2ba8dfbc4603afe2888706cfdd8383a95ae
2022-07-19T12:28:59+00:00,0x09b5027ef3a3b7332ee90321e558bad9c4447afa,1.0,0xe19dbc7b0409f64b7a33dffdc3566a286e03a9bd867566dada3a21f8591158c6
2022-07-19T12:28:51+00:00,0x09b5027ef3a3b7332ee90321e558bad9c4447afa,1.0,0x8a0debcd5ba2b770f63a59eef10ca6dec46bd6f5bedd9fdc0e4ae1afdbd0e151
2022-07-19T12:28:38+00:00,0x09b5027ef3a3b7332ee90321e558bad9c4447afa,1.0,0xd0364ddbf9139ceee7915c5146812826c1c4cee3cd0973803b6b1e77d60e5cec
2022-07-19T12:27:50+00:00,0x09b5027ef3a3b7332ee90321e558bad9c4447afa,1.0,0x29166df68c182a00842b8f2e45b2eff30775188313099998d74ff992ab148d6e
2022-07-19T11:33:16+00:00,0x09b5027ef3a3b7332ee90321e558bad9c4447afa,10.0,0x08f43d17884f2b264d80af7c084d35832f6930939a41dc6f1ffe1727f0aa8485
2022-07-19T11:33:16+00:00,0x09b5027ef3a3b7332ee90321e558bad9c4447afa,10.0,0x5538f882679cedf1a97f2e7839cc8f04c7944ec321440fc01e2ab52e7a75f933
2022-07-19T11:33:16+00:00,0x09b5027ef3a3b7332ee90321e558bad9c4447afa,10.0,0xba1b9430836794eaf8e6770ddb5c479c46b5e4d88d4d92ce7ee79ad603fe75fa
2022-07-19T11:31:02+00:00,0x09b5027ef3a3b7332ee90321e558bad9c4447afa,10.0,0x4ff332cd427ca56b1dd501fd9f65a7c29f3ef004da264eccb846b564b28d0fea
2022-07-19T11:31:02+00:00,0x09b5027ef3a3b7332ee90321e558bad9c4447afa,10.0,0xeb0d8129042bf91cdbb51e34dbe603b88e042126ccbec6c358a2f8f5947bd1a2
2022-07-11T21:33:32+00:00,0x09b5027ef3a3b7332ee90321e558bad9c4447afa,100.0,0xa0baf9ebb71fb599275ebb6c6a0ecbbf2316af53c58d500ea4ea9868b089953e
2022-07-11T21:33:32+00:00,0x09b5027ef3a3b7332ee90321e558bad9c4447afa,100.0,0xe902c988da5e715c932f11df56a837e4599df5c695a8fa3d96b902e9f5cfe0d6
2022-07-11T21:33:32+00:00,0x09b5027ef3a3b7332ee90321e558bad9c4447afa,100.0,0x6e7ba1f2d344620bd5b137d1d06b17133d9dbaeb5e0f5e5026fdb2aa1215435d
2022-07-11T21:32:57+00:00,0x09b5027ef3a3b7332ee90321e558bad9c4447afa,100.0,0x9beaa78165107dafe11a2887bd2f0cca1a1d48d86aa564ff5348ffea9802c229
2022-07-11T21:31:47+00:00,0x09b5027ef3a3b7332ee90321e558bad9c4447afa,100.0,0x0d476a84aeffbb99c2b15415afed91d843c72cdb12b0019ccfd6f9713d605dea
2022-07-11T21:31:47+00:00,0x09b5027ef3a3b7332ee90321e558bad9c4447afa,100.0,0x37417965f0b931ed0cdf02a380218972862b994b76e619928a81548337d791ba
2022-07-11T21:31:07+00:00,0x09b5027ef3a3b7332ee90321e558bad9c4447afa,100.0,0x2b510a3f5264977b8b7fa618fcb24359dad60622b7aa1dfabb5d908660baed38
2022-07-11T21:31:07+00:00,0x09b5027ef3a3b7332ee90321e558bad9c4447afa,100.0,0x6af55cc0bfedd5e37ecdf91ff1c84986b303b22e9f291f4132bbf84556f4bc38
2022-07-11T21:31:07+00:00,0x09b5027ef3a3b7332ee90321e558bad9c4447afa,100.0,0xcb583f25b2b91d8f541da0e7a10af13d66b0daef62c4cb3f7ac0462574070591
2022-07-11T21:31:07+00:00,0x09b5027ef3a3b7332ee90321e558bad9c4447afa,100.0,0x83e4c1adfeccb86db0cfe01b0ff725b658c401a4236014bbdbac9b209a5dba79
2022-07-11T21:31:07+00:00,0x09b5027ef3a3b7332ee90321e558bad9c4447afa,100.0,0xe69a4074c67ff22ad73001a4429ee2031147c65de7353963749ed92ba81bffbe
2022-07-11T21:31:07+00:00,0x09b5027ef3a3b7332ee90321e558bad9c4447afa,100.0,0x25cc5f62cd68de020f41d318400100c2815c0bd0c9be6272415dee04f2465eca
2022-07-11T21:31:07+00:00,0x09b5027ef3a3b7332ee90321e558bad9c4447afa,100.0,0x77bb476dc7c8638e63dd098cf514a33b408f33b3e74c97701ba81e183580f7f1
2022-07-11T21:31:07+00:00,0x09b5027ef3a3b7332ee90321e558bad9c4447afa,100.0,0xcbe707d7c77a049cefafb54749f5823ad9d791d6f05b1dbb0d3ba39f6565ad76
2022-07-11T21:25:51+00:00,0x09b5027ef3a3b7332ee90321e558bad9c4447afa,100.0,0x8983363fb35807a27e1247af906cc865bb21540dbc8e2a1ea5008f7f8ca20e83
2022-07-11T21:25:51+00:00,0x09b5027ef3a3b7332ee90321e558bad9c4447afa,100.0,0x801b361a12b34ec4a86c33ec426585f11d9ef4ae4ac869506d9f719946b3f25b
2022-07-11T21:25:51+00:00,0x09b5027ef3a3b7332ee90321e558bad9c4447afa,100.0,0xabc9bbc90221d0d9de6a074ea811a7b0cb89fd3762082b8f995139a41b0b5c17
2022-07-11T21:25:41+00:00,0x09b5027ef3a3b7332ee90321e558bad9c4447afa,100.0,0x2b5ab9a0530a52ba96b81ea85caf898f713086dd82f548e1bd0bd61cf6693686
2022-07-11T21:25:41+00:00,0x09b5027ef3a3b7332ee90321e558bad9c4447afa,100.0,0x859951e5dfb428f29993495ad089ee9547352c81444c1d215982750d90832c3b
2022-07-11T21:25:41+00:00,0x09b5027ef3a3b7332ee90321e558bad9c4447afa,100.0,0xdacb0daf2fd65806cd9fbb77675e927f0db399560fe4d0ac1d58afc84d6cca51
2022-07-11T21:25:41+00:00,0x09b5027ef3a3b7332ee90321e558bad9c4447afa,100.0,0x6a0f467b5619058cc951c203dd7b20632bd2c4af5675cfc4e5bf6aaaf3b4eb2d
2022-07-11T21:25:41+00:00,0x09b5027ef3a3b7332ee90321e558bad9c4447afa,100.0,0xc8e0e66fbf6cb00ebe50a9e259e1b74e4bdf4712215d1329005f6efa9c0ac9fb
2022-07-11T21:23:49+00:00,0x09b5027ef3a3b7332ee90321e558bad9c4447afa,100.0,0x38c28062c84481e37b20be7d93b426fb3a19a398cbec799648a66cc37754550f
2022-07-11T21:22:59+00:00,0x09b5027ef3a3b7332ee90321e558bad9c4447afa,100.0,0x204e446294c2970ff5456bd3f33871a05602bb06e43574bb8840f6dd034f18a5
2022-07-11T21:22:59+00:00,0x09b5027ef3a3b7332ee90321e558bad9c4447afa,100.0,0xab46648998c9f0367e712170ef8afab9e26b0e06deb7c7b5927d9797a746ad13
2022-07-11T21:22:36+00:00,0x09b5027ef3a3b7332ee90321e558bad9c4447afa,100.0,0x90bcd83fafd1469842a142e43ef9c01d0cb90c8c448ddd678922fc8855f8616d
2022-07-11T21:22:29+00:00,0x09b5027ef3a3b7332ee90321e558bad9c4447afa,100.0,0xab053ebcdf8d36ccc099e2dd092b8e942ab2be24d76816505544433b65004708
2022-07-11T21:22:04+00:00,0x09b5027ef3a3b7332ee90321e558bad9c4447afa,100.0,0xbb80f688d54e050fcbe0b905dd92ba26c659e62209108d1b591b04bf1a9a946a
2022-07-11T21:21:33+00:00,0x09b5027ef3a3b7332ee90321e558bad9c4447afa,100.0,0xc8b5c111592acb5716b88960e06079aa15c18461a5c21a7597c22f9665136582
2022-07-11T21:21:21+00:00,0x09b5027ef3a3b7332ee90321e558bad9c4447afa,100.0,0xa96a08bd6c86643d4f3c9d44b627662914d997045c4c2b1ed9b0f975a743f155
2022-07-11T21:21:21+00:00,0x09b5027ef3a3b7332ee90321e558bad9c4447afa,100.0,0x839e892abb1f1b9af6df9564de382fe086b9d87973444e53b76333a2ef2ce739
2022-07-11T21:20:35+00:00,0x09b5027ef3a3b7332ee90321e558bad9c4447afa,100.0,0x559df775440f265cbc06c3305ce5e2608af3934eb13f69a5a1bf6c184d386edb
2022-07-11T21:20:24+00:00,0x09b5027ef3a3b7332ee90321e558bad9c4447afa,100.0,0x4a4c5b7d7a24c9396a433ca7565818f7b14a6b78b27c66498458f45ee3584dd8
2022-07-11T21:20:08+00:00,0x09b5027ef3a3b7332ee90321e558bad9c4447afa,100.0,0x53b39e560d4ad5705672c0f9e4ddcad48f5acdd4fa9b8d49464c739f2d4bedd6
2022-07-11T21:19:44+00:00,0x09b5027ef3a3b7332ee90321e558bad9c4447afa,100.0,0x9fe83785a757b7d69aa320b079d65da7d19cfc34e962679b91eea99b90236467
2022-07-11T21:19:30+00:00,0x09b5027ef3a3b7332ee90321e558bad9c4447afa,100.0,0xde2c1dc80d6f24dae586611968226809c5cd6a72db94acbeace7aa81d9003a0e
2022-07-11T21:19:30+00:00,0x09b5027ef3a3b7332ee90321e558bad9c4447afa,100.0,0x19d86ca6ef8d2d9054d0b61295ff3d29c369789def6e0fb434904d93c0341f27
2022-07-11T21:19:30+00:00,0x09b5027ef3a3b7332ee90321e558bad9c4447afa,100.0,0x19fd71ebfc42f2dc36a4db94dba5a02d49f47450c0937f76ea124b9397ef7212
2022-07-11T21:19:30+00:00,0x09b5027ef3a3b7332ee90321e558bad9c4447afa,100.0,0xf2448e2752ebc4318096785a0a345c245d328f506c329650c5a9a0c73dd3e651
2022-07-11T21:19:30+00:00,0x09b5027ef3a3b7332ee90321e558bad9c4447afa,100.0,0x2cb9f8174260f6b58e4445b7aceb6953c6690dea6a825c439a9db4268923370f
2022-07-11T21:19:30+00:00,0x09b5027ef3a3b7332ee90321e558bad9c4447afa,100.0,0xc59ecfea451bb1fe75496a1cde7d4e0d3112d445f8e57f50eba54f19c49b68fa
2022-07-11T21:19:30+00:00,0x09b5027ef3a3b7332ee90321e558bad9c4447afa,100.0,0xd47a87ec13491289a9010fef80405094d81f8d85c2cfbf342ece5f823f58630c
2022-07-11T21:19:30+00:00,0x09b5027ef3a3b7332ee90321e558bad9c4447afa,100.0,0xbb091549366f7343a8c9f875fbba0a536a86572c88b38620e0bef13a396f0adb
2022-07-11T21:19:30+00:00,0x09b5027ef3a3b7332ee90321e558bad9c4447afa,100.0,0x3813535336a9119183292d964cae463389ed90e46d2ae063c743859ad02140ec
2022-07-11T21:19:30+00:00,0x09b5027ef3a3b7332ee90321e558bad9c4447afa,100.0,0x861ea082d1cc77776ee48bdd6b995470923bb873196d290a1b5e6089ec111c78
2022-07-11T21:19:30+00:00,0x09b5027ef3a3b7332ee90321e558bad9c4447afa,100.0,0x9c8ecb3d23346b80b20c568553b8a635096bb4472a7b5ca59fabd24af9f92bf6
2022-07-11T21:19:30+00:00,0x09b5027ef3a3b7332ee90321e558bad9c4447afa,100.0,0x35c0e1e7acc1cda6e568fd284c1a5e1e8cb681974d4a330355458959a1534033
2022-07-11T21:15:14+00:00,0x09b5027ef3a3b7332ee90321e558bad9c4447afa,100.0,0x58c9fd40a65f9566e78ee9817383d8ec8a003d0838d637b3d62aac79fd696609
2022-07-11T21:14:41+00:00,0x09b5027ef3a3b7332ee90321e558bad9c4447afa,100.0,0x67b3c6209367db3f7a847d71a8bb60ae786ceac461b360c32f2aa919df80260a
2022-07-11T21:14:16+00:00,0x09b5027ef3a3b7332ee90321e558bad9c4447afa,100.0,0x3e23d345acfb7fcc3e042cda9b0d4179484a9147899e299d7fbcd19950c19678
2022-07-11T21:13:18+00:00,0x09b5027ef3a3b7332ee90321e558bad9c4447afa,100.0,0x64a7e5862bf813132f7020e68a61d5e97092219d71a4106f7794525e14cbf1dd
2022-07-11T21:13:18+00:00,0x09b5027ef3a3b7332ee90321e558bad9c4447afa,100.0,0xda4250a7cd65c80b2dcf6c22861698c8a5ac0ac9bacccfcea9e068f5cae50a69
2022-07-11T21:12:07+00:00,0x09b5027ef3a3b7332ee90321e558bad9c4447afa,100.0,0xa1dae0e2c3afb08eeb369f1dc9a1b9b37e5561c85beab6697372b96c7ff7353c
2022-07-11T21:12:07+00:00,0x09b5027ef3a3b7332ee90321e558bad9c4447afa,100.0,0x11c9a00fa4afc4b58d219cc1954352f80a0f7ee3b042b1b2f4523681e12abd1d
2022-07-11T21:12:07+00:00,0x09b5027ef3a3b7332ee90321e558bad9c4447afa,100.0,0x9fe469dd8662269d1c9575b37b029d626c5d027a31d37569b6f4b64354e54d84
2022-07-11T21:10:04+00:00,0x09b5027ef3a3b7332ee90321e558bad9c4447afa,100.0,0x81822dc2b15d12dd3d701857a74593202ab7c8a25dc4353436e370a4be34ee7d
2022-07-11T21:09:18+00:00,0x09b5027ef3a3b7332ee90321e558bad9c4447afa,100.0,0x338cbf9c50648843433fdd1f631661877159937828b954b8912dbcf6ba99ffae
2022-07-11T21:09:18+00:00,0x09b5027ef3a3b7332ee90321e558bad9c4447afa,100.0,0xda381558ec5c4688128e086cde5184ec5cb5bdb6fe659057e36f74476b6193d0
2022-07-11T21:08:36+00:00,0x09b5027ef3a3b7332ee90321e558bad9c4447afa,100.0,0xf5c6226489c534c45c97ff7c0a5cd40d5d49c9e408ee64046efba5770a797ae2
2022-07-11T21:07:57+00:00,0x09b5027ef3a3b7332ee90321e558bad9c4447afa,100.0,0x2565f0ab600009042b53e3dbd27989e43d3aed04af1180a60c16eb4ce8079279
2022-07-11T21:07:50+00:00,0x09b5027ef3a3b7332ee90321e558bad9c4447afa,100.0,0x23d0b9943a7b8d81066b76b1169afe5c624b467484ab7ea633597d6561563fcb
2022-07-11T21:07:14+00:00,0x09b5027ef3a3b7332ee90321e558bad9c4447afa,100.0,0x604138238e1945c67f020ada4683937857b3bc4eb8bf8ed8cbcbc8d05d997805
2022-07-11T21:06:17+00:00,0x09b5027ef3a3b7332ee90321e558bad9c4447afa,100.0,0x96e03b09f831081908d7576aa1a26924ae58c009d5c37fbe1f7c82601681e487
2022-07-11T21:05:25+00:00,0x09b5027ef3a3b7332ee90321e558bad9c4447afa,100.0,0xd15e16069e416507e5964ec1b392c51875f72b6aeb0b781b9fd7de2bab044f6c
2022-07-11T21:05:25+00:00,0x09b5027ef3a3b7332ee90321e558bad9c4447afa,100.0,0xc43391f278095d1a752b422baead9cc3403cf3d681f179e7cf1aea83a3f861c1
2022-07-11T21:04:33+00:00,0x09b5027ef3a3b7332ee90321e558bad9c4447afa,100.0,0x7c860c21c650e4861daf1b8d6b1756db5ac98c2e672cf682bdeb1916d0320ece
2022-07-11T21:03:26+00:00,0x09b5027ef3a3b7332ee90321e558bad9c4447afa,100.0,0x1ae8350a8d50d647f1931ebb4b1b0c5b6ee63b3cbb160df61fa30e13bee75eed
2022-07-11T21:02:45+00:00,0x09b5027ef3a3b7332ee90321e558bad9c4447afa,100.0,0x5a429eb3be5e9de5da3ffa8aa8e9c84201e97fab55623c8595f0771c10425527
2022-07-11T21:02:06+00:00,0x09b5027ef3a3b7332ee90321e558bad9c4447afa,100.0,0x4bcef805e0e1e96e74ed875d90b91d34cea18901a377495ead9cf7a1929a4434
2022-07-11T21:01:25+00:00,0x09b5027ef3a3b7332ee90321e558bad9c4447afa,100.0,0xfb1f40ab388551459086726a27fe542e18b1a3901fb83a493f0ebe0c3f3c932f
2022-07-11T21:00:41+00:00,0x09b5027ef3a3b7332ee90321e558bad9c4447afa,100.0,0xa40b54244c8b2cc96aef7c2675331800953e2d575b95b63c63512574d3c81b71
2022-07-11T20:59:47+00:00,0x09b5027ef3a3b7332ee90321e558bad9c4447afa,100.0,0xf66160c3b5ea01119676222481657a4531a81407f383556d5e909032a450a860
2022-07-11T20:58:58+00:00,0x09b5027ef3a3b7332ee90321e558bad9c4447afa,100.0,0x56801b9cbd450f84609a7326c63afc6c6a6e38c77ed40f4dc3e86b99d8e9ffd0
2022-07-11T20:57:15+00:00,0x09b5027ef3a3b7332ee90321e558bad9c4447afa,100.0,0x6ea79c360e1b7bb58e92f39eadfb9aea45973e9e247c817e18e0f5ad6f98641a
2022-07-11T20:55:56+00:00,0x09b5027ef3a3b7332ee90321e558bad9c4447afa,100.0,0x039b7a93f55e9846c2d35df202e088c558573117f5ca77d70e5feba02b680799
