block_time,nonce,index,success,from,to,value,block_number,block_hash,gas_limit,gas_price,gas_used,data,hash,type,access_list,max_fee_per_gas,max_priority_fee_per_gas,priority_fee_per_gas
2022-07-11T20:47:22+00:00,0,269,True,\x09b5027ef3a3b7332ee90321e558bad9c4447afa,\xc36442b4a4522e871399cd717abdd847ab11fe88,0,15123607,\xa9f018a1b454527d745dcf85779c776206e5407f311e746b7dd13e95bd1b294d,301011,27690791942,200675,\xac9650d8000000000000000000000000000000000000000000000000000000000000002000000000000000000000000000000000000000000000000000000000000000030000000000000000000000000000000000000000000000000000000000000060000000000000000000000000000000000000000000000000000000000000012000000000000000000000000000000000000000000000000000000000000001a00000000000000000000000000000000000000000000000000000000000000084fc6f7865000000000000000000000000000000000000000000000000000000000003fb0c000000000000000000000000000000000000000000000000000000000000000000000000000000000000000000000000ffffffffffffffffffffffffffffffff00000000000000000000000000000000ffffffffffffffffffffffffffffffff00000000000000000000000000000000000000000000000000000000000000000000000000000000000000000000000000000000000000000000004449404b7c000000000000000000000000000000000000000000000002fb03e16aa10fd6be00000000000000000000000009b5027ef3a3b7332ee90321e558bad9c4447afa000000000000000000000000000000000000000000000000000000000000000000000000000000000000000000000000000000000000000000000064df2ab5bb0000000000000000000000002260fac5e5542a773aa44fbcfedf7c193bc2c5990000000000000000000000000000000000000000000000000000000011e3c79600000000000000000000000009b5027ef3a3b7332ee90321e558bad9c4447afa00000000000000000000000000000000000000000000000000000000,\xf2d9919ff4fab46bc76999ef2154dbc37060513522d8cf957d765eb95065227c,DynamicFee,,40822390442,2000000000,2000000000
2022-07-11T20:47:54+00:00,1,96,True,\x09b5027ef3a3b7332ee90321e558bad9c4447afa,\xc36442b4a4522e871399cd717abdd847ab11fe88,0,15123608,\xf95459975cbd88ddfb790a218369f8dc870f3278859b9f8d71316a1dcf3a7cd6,300997,30268805160,186985,\xac9650d8000000000000000000000000000000000000000000000000000000000000002000000000000000000000000000000000000000000000000000000000000000030000000000000000000000000000000000000000000000000000000000000060000000000000000000000000000000000000000000000000000000000000012000000000000000000000000000000000000000000000000000000000000001a00000000000000000000000000000000000000000000000000000000000000084fc6f786500000000000000000000000000000000000000000000000000000000000408ba000000000000000000000000000000000000000000000000000000000000000000000000000000000000000000000000ffffffffffffffffffffffffffffffff00000000000000000000000000000000ffffffffffffffffffffffffffffffff00000000000000000000000000000000000000000000000000000000000000000000000000000000000000000000000000000000000000000000004449404b7c000000000000000000000000000000000000000000000000573ef5ffba853e0b00000000000000000000000009b5027ef3a3b7332ee90321e558bad9c4447afa000000000000000000000000000000000000000000000000000000000000000000000000000000000000000000000000000000000000000000000064df2ab5bb0000000000000000000000002260fac5e5542a773aa44fbcfedf7c193bc2c59900000000000000000000000000000000000000000000000000000000021cf4e900000000000000000000000009b5027ef3a3b7332ee90321e558bad9c4447afa00000000000000000000000000000000000000000000000000000000,\x96eaed8d878ff739c1f293b53a073b2dfefbdf7628543d269b3db60bda328766,DynamicFee,,40822390442,2000000000,2000000000
2022-07-11T20:48:17+00:00,2,134,True,\x09b5027ef3a3b7332ee90321e558bad9c4447afa,\xc36442b4a4522e871399cd717abdd847ab11fe88,0,15123612,\x4a45697be3f298972feffb3e2a1cdec5c33071c82d57f3adee8971b441fda370,343816,26634586971,229212,\xac9650d80000000000000000000000000000000000000000000000000000000000000020000000000000000000000000000000000000000000000000000000000000000400000000000000000000000000000000000000000000000000000000000000800000000000000000000000000000000000000000000000000000000000000160000000000000000000000000000000000000000000000000000000000000022000000000000000000000000000000000000000000000000000000000000002a000000000000000000000000000000000000000000000000000000000000000a40c49ccbe000000000000000000000000000000000000000000000000000000000003fb0c00000000000000000000000000000000000000000000000003e9323c79d6c5e100000000000000000000000000000000000000000000000000000000e33dccba00000000000000000000000000000000000000000000000000000000000000000000000000000000000000000000000000000000000000000000000062cc9362000000000000000000000000000000000000000000000000000000000000000000000000000000000000000000000000000000000000000000000084fc6f7865000000000000000000000000000000000000000000000000000000000003fb0c000000000000000000000000000000000000000000000000000000000000000000000000000000000000000000000000ffffffffffffffffffffffffffffffff00000000000000000000000000000000ffffffffffffffffffffffffffffffff00000000000000000000000000000000000000000000000000000000000000000000000000000000000000000000000000000000000000000000004449404b7c000000000000000000000000000000000000000000000000000000000000000000000000000000000000000009b5027ef3a3b7332ee90321e558bad9c4447afa000000000000000000000000000000000000000000000000000000000000000000000000000000000000000000000000000000000000000000000064df2ab5bb0000000000000000000000002260fac5e5542a773aa44fbcfedf7c193bc2c59900000000000000000000000000000000000000000000000000000000e33dccba00000000000000000000000009b5027ef3a3b7332ee90321e558bad9c4447afa00000000000000000000000000000000000000000000000000000000,\x232e6cbe6b382019c237ebf913979105870aa6221fe1f45687225fb9f60184b8,DynamicFee,,47144458843,2000000000,2000000000
2022-07-11T20:48:40+00:00,3,101,True,\x09b5027ef3a3b7332ee90321e558bad9c4447afa,\xc36442b4a4522e871399cd717abdd847ab11fe88,0,15123614,\xbd6c147b5d313991ac4edebf60c4d72645344456c25ae727eafdca0a7562ff59,363630,25662049047,242420,\xac9650d80000000000000000000000000000000000000000000000000000000000000020000000000000000000000000000000000000000000000000000000000000000400000000000000000000000000000000000000000000000000000000000000800000000000000000000000000000000000000000000000000000000000000160000000000000000000000000000000000000000000000000000000000000022000000000000000000000000000000000000000000000000000000000000002a000000000000000000000000000000000000000000000000000000000000000a40c49ccbe00000000000000000000000000000000000000000000000000000000000408ba000000000000000000000000000000000000000000000000010292b2d4d9779f00000000000000000000000000000000000000000000000000000000000000000000000000000000000000000000000000000000000000028b932799439868700000000000000000000000000000000000000000000000000000000062cc9397000000000000000000000000000000000000000000000000000000000000000000000000000000000000000000000000000000000000000000000084fc6f786500000000000000000000000000000000000000000000000000000000000408ba000000000000000000000000000000000000000000000000000000000000000000000000000000000000000000000000ffffffffffffffffffffffffffffffff00000000000000000000000000000000ffffffffffffffffffffffffffffffff00000000000000000000000000000000000000000000000000000000000000000000000000000000000000000000000000000000000000000000004449404b7c0000000000000000000000000000000000000000000000028b9327994398687000000000000000000000000009b5027ef3a3b7332ee90321e558bad9c4447afa000000000000000000000000000000000000000000000000000000000000000000000000000000000000000000000000000000000000000000000064df2ab5bb0000000000000000000000002260fac5e5542a773aa44fbcfedf7c193bc2c599000000000000000000000000000000000000000000000000000000000000000000000000000000000000000009b5027ef3a3b7332ee90321e558bad9c4447afa00000000000000000000000000000000000000000000000000000000,\xdfa99059d33b0f6dd23b2c82921f57709604e40e7f580b260347c317addee89c,DynamicFee,,43878797851,2000000000,2000000000
2022-07-11T20:50:15+00:00,4,185,True,\x09b5027ef3a3b7332ee90321e558bad9c4447afa,\x2260fac5e5542a773aa44fbcfedf7c193bc2c599,0,15123621,\x926b5f20dda497e2a87afddde146ce58c6d1ccda6dc4a4dea30ad9e240abb652,58401,23184348858,48668,\x095ea7b300000000000000000000000068b3465833fb72a70ecdf485e0e4c7bd8665fc45ffffffffffffffffffffffffffffffffffffffffffffffffffffffffffffffff,\x931c27877164a03566a39674a26bb94d648094018b11cce8eb0d7088415e4b57,DynamicFee,,44120177086,2000000000,2000000000
2022-07-11T20:52:07+00:00,5,1,True,\x09b5027ef3a3b7332ee90321e558bad9c4447afa,\x68b3465833fb72a70ecdf485e0e4c7bd8665fc45,0,15123631,\xca9e810c2c24685c5750f63d9946e9f71d9db182b7dc3eb4441ebe0e614029b5,780415,20505775242,616231,\x5ae401dc0000000000000000000000000000000000000000000000000000000062cc945f00000000000000000000000000000000000000000000000000000000000000400000000000000000000000000000000000000000000000000000000000000004000000000000000000000000000000000000000000000000000000000000008000000000000000000000000000000000000000000000000000000000000001a000000000000000000000000000000000000000000000000000000000000002c0000000000000000000000000000000000000000000000000000000000000042000000000000000000000000000000000000000000000000000000000000000e404e45aaf0000000000000000000000002260fac5e5542a773aa44fbcfedf7c193bc2c599000000000000000000000000c02aaa39b223fe8d0a0e5c4f27ead9083c756cc20000000000000000000000000000000000000000000000000000000000000bb80000000000000000000000000000000000000000000000000000000000000002000000000000000000000000000000000000000000000000000000035bcf270b000000000000000000000000000000000000000000000000000000000000000000000000000000000000000000000000000000000000000000000000000000000000000000000000000000000000000000000000000000000000000000000000000000000000000000000000000000000000000000000000000000e404e45aaf0000000000000000000000002260fac5e5542a773aa44fbcfedf7c193bc2c599000000000000000000000000c02aaa39b223fe8d0a0e5c4f27ead9083c756cc200000000000000000000000000000000000000000000000000000000000001f40000000000000000000000000000000000000000000000000000000000000002000000000000000000000000000000000000000000000000000000016640faef00000000000000000000000000000000000000000000000000000000000000000000000000000000000000000000000000000000000000000000000000000000000000000000000000000000000000000000000000000000000000000000000000000000000000000000000000000000000000000000000000000124b858183f00000000000000000000000000000000000000000000000000000000000000200000000000000000000000000000000000000000000000000000000000000080000000000000000000000000000000000000000000000000000000000000000200000000000000000000000000000000000000000000000000000000d6f3c9c2000000000000000000000000000000000000000000000000000000000000000000000000000000000000000000000000000000000000000000000000000000422260fac5e5542a773aa44fbcfedf7c193bc2c599000bb8a0b86991c6218b36c1d19d4a2e9eb0ce3606eb480001f4c02aaa39b223fe8d0a0e5c4f27ead9083c756cc200000000000000000000000000000000000000000000000000000000000000000000000000000000000000000000000000000000000000000000000000000000000000000000000000000000000000000000000000000000004449404b7c0000000000000000000000000000000000000000000000e7ae0bfb4187092cca00000000000000000000000009b5027ef3a3b7332ee90321e558bad9c4447afa00000000000000000000000000000000000000000000000000000000,\x49efa8a111019e6117721042bc92de0b462ee6fa8a46e775c3f688614f02ce2d,DynamicFee,,34643021575,2000000000,2000000000
2022-07-11T20:55:56+00:00,6,113,True,\x09b5027ef3a3b7332ee90321e558bad9c4447afa,\xd90e2f925da726b50c4ed8d0fb90ad053324f31b,100000000000000000000,15123646,\xfc6c47ac3d1452f380ac04ed5c4a120f5722d1c89358e07b24fb6e259d46df8d,991913,34273998206,929860,\x13d98d13000000000000000000000000a160cdab225685da1d56aa342ad8841c3b53f2912ba4470e8b8f933c4a966576bb42a50d4b59abb13763b6a2243faee4ed0f7dc300000000000000000000000000000000000000000000000000000000000000600000000000000000000000000000000000000000000000000000000000000000,\x039b7a93f55e9846c2d35df202e088c558573117f5ca77d70e5feba02b680799,DynamicFee,,52456207013,2000000000,2000000000
2022-07-11T20:57:15+00:00,7,190,True,\x09b5027ef3a3b7332ee90321e558bad9c4447afa,\xd90e2f925da726b50c4ed8d0fb90ad053324f31b,100000000000000000000,15123651,\x17636ffdec98a2813f4ac2d2efd59312d486ca00b6218c0ed58e7ac1528203ba,991913,34258843477,929860,\x13d98d13000000000000000000000000a160cdab225685da1d56aa342ad8841c3b53f29122756f702af6b12bc63e6103aef6bd87fd4c6445ab48a2a8b27d0bb79531cf0800000000000000000000000000000000000000000000000000000000000000600000000000000000000000000000000000000000000000000000000000000000,\x6ea79c360e1b7bb58e92f39eadfb9aea45973e9e247c817e18e0f5ad6f98641a,DynamicFee,,61196233425,2000000000,2000000000
2022-07-11T20:58:58+00:00,8,85,True,\x09b5027ef3a3b7332ee90321e558bad9c4447afa,\xd90e2f925da726b50c4ed8d0fb90ad053324f31b,100000000000000000000,15123655,\x7f37eb81cbd27afab539587b05b0ea0d4a6377b3ecb1b39b907e5a7d7cf1bead,986610,46402267116,924640,\x13d98d13000000000000000000000000a160cdab225685da1d56aa342ad8841c3b53f29117bc882be8718deb34966bb4eee1d3bb0e30bb8b3b4000f21ae6c8a7d60467df00000000000000000000000000000000000000000000000000000000000000600000000000000000000000000000000000000000000000000000000000000000,\x56801b9cbd450f84609a7326c63afc6c6a6e38c77ed40f4dc3e86b99d8e9ffd0,DynamicFee,,71394801076,2000000000,2000000000
2022-07-11T20:59:47+00:00,9,141,True,\x09b5027ef3a3b7332ee90321e558bad9c4447afa,\xd90e2f925da726b50c4ed8d0fb90ad053324f31b,100000000000000000000,15123662,\xb9264757ee281a664f49fc4b6f317cba1c506f74e805ffd412785cfe73f5124f,997204,28955666904,935068,\x13d98d13000000000000000000000000a160cdab225685da1d56aa342ad8841c3b53f2912a99a06154e0caa7a5372e1a050a294c2a416cd6feba904c7a9b0aa66f95a3ba00000000000000000000000000000000000000000000000000000000000000600000000000000000000000000000000000000000000000000000000000000000,\xf66160c3b5ea01119676222481657a4531a81407f383556d5e909032a450a860,DynamicFee,,65867694475,2000000000,2000000000
2022-07-11T21:00:41+00:00,10,37,True,\x09b5027ef3a3b7332ee90321e558bad9c4447afa,\xd90e2f925da726b50c4ed8d0fb90ad053324f31b,100000000000000000000,15123668,\x281699766c3ef9e6e320dea9b3aae9aefa2d9ba7bde586726ee064454f17095a,991913,24512135102,929860,\x13d98d13000000000000000000000000a160cdab225685da1d56aa342ad8841c3b53f2911811015d5461b4e1515d051151cbaa8508a6b366ce4e9ab7fffcaee8f407f3bb00000000000000000000000000000000000000000000000000000000000000600000000000000000000000000000000000000000000000000000000000000000,\xa40b54244c8b2cc96aef7c2675331800953e2d575b95b63c63512574d3c81b71,DynamicFee,,47824633737,2000000000,2000000000
2022-07-11T21:01:25+00:00,11,52,True,\x09b5027ef3a3b7332ee90321e558bad9c4447afa,\xd90e2f925da726b50c4ed8d0fb90ad053324f31b,100000000000000000000,15123674,\x1ef108a87ec7b99ecf42c8ff34579a7fe04ce59ad806e3aa951c624e2314771d,991901,21235472985,929848,\x13d98d13000000000000000000000000a160cdab225685da1d56aa342ad8841c3b53f29129b56e29fdcadebe0d75b89c2e9b364961f44fdf00d062937e998db398aeafd600000000000000000000000000000000000000000000000000000000000000600000000000000000000000000000000000000000000000000000000000000000,\xfb1f40ab388551459086726a27fe542e18b1a3901fb83a493f0ebe0c3f3c932f,DynamicFee,,33358833828,2000000000,2000000000
2022-07-11T21:02:06+00:00,12,83,True,\x09b5027ef3a3b7332ee90321e558bad9c4447afa,\xd90e2f925da726b50c4ed8d0fb90ad053324f31b,100000000000000000000,15123676,\x9c0c488355f56da3637d260cadf36d47a60e4512005c2b666466f62370480e98,986610,22860973006,924640,\x13d98d13000000000000000000000000a160cdab225685da1d56aa342ad8841c3b53f2911aa17683ed3e90c368ac4d53c9cc138d32d21583d2073700fb315a05f739dbfb00000000000000000000000000000000000000000000000000000000000000600000000000000000000000000000000000000000000000000000000000000000,\x4bcef805e0e1e96e74ed875d90b91d34cea18901a377495ead9cf7a1929a4434,DynamicFee,,34700304075,2000000000,2000000000
2022-07-11T21:02:45+00:00,13,135,True,\x09b5027ef3a3b7332ee90321e558bad9c4447afa,\xd90e2f925da726b50c4ed8d0fb90ad053324f31b,100000000000000000000,15123680,\x3ee30c7dfbbb6879da4f8a06edf343c72483b2361275df07f263c2ecf0668bf0,991913,24806590482,929860,\x13d98d13000000000000000000000000a160cdab225685da1d56aa342ad8841c3b53f29116b1bd8cdea6c2041ba26e650e20a27a10d11a7b8e992e0b5410e39876cac2d100000000000000000000000000000000000000000000000000000000000000600000000000000000000000000000000000000000000000000000000000000000,\x5a429eb3be5e9de5da3ffa8aa8e9c84201e97fab55623c8595f0771c10425527,DynamicFee,,40904793296,2000000000,2000000000
2022-07-11T21:03:26+00:00,14,35,True,\x09b5027ef3a3b7332ee90321e558bad9c4447afa,\xd90e2f925da726b50c4ed8d0fb90ad053324f31b,100000000000000000000,15123682,\x0a72e37ca65f8c50106f0bdf0212a45fc65a52a6b9336fe8b25871ac2342f188,986622,29659229239,924652,\x13d98d13000000000000000000000000a160cdab225685da1d56aa342ad8841c3b53f2912f0d8446e3c364daa97dc7d55d7dfbfb4cdee1345ffdef4b0d756bfa34beeef300000000000000000000000000000000000000000000000000000000000000600000000000000000000000000000000000000000000000000000000000000000,\x1ae8350a8d50d647f1931ebb4b1b0c5b6ee63b3cbb160df61fa30e13bee75eed,DynamicFee,,40771203820,2000000000,2000000000
2022-07-11T21:04:33+00:00,15,261,True,\x09b5027ef3a3b7332ee90321e558bad9c4447afa,\xd90e2f925da726b50c4ed8d0fb90ad053324f31b,100000000000000000000,15123685,\x4e278a9424a445b8a7394cbdfc7d74a86e02d1b4730e2382cf64a8a01225072b,986610,28148353952,924640,\x13d98d13000000000000000000000000a160cdab225685da1d56aa342ad8841c3b53f291204f4f1c4e00cb32857a505d962c2cc3467dfc1dcacd8402d77a2bf429f9fef000000000000000000000000000000000000000000000000000000000000000600000000000000000000000000000000000000000000000000000000000000000,\x7c860c21c650e4861daf1b8d6b1756db5ac98c2e672cf682bdeb1916d0320ece,DynamicFee,,46168867635,2000000000,2000000000
2022-07-11T21:05:25+00:00,16,132,True,\x09b5027ef3a3b7332ee90321e558bad9c4447afa,\xd90e2f925da726b50c4ed8d0fb90ad053324f31b,100000000000000000000,15123687,\x737d84719f0cc2fcab1f86415c50dbf99a4ecab8453c53966114b861436df8fa,986622,35089746788,919444,\x13d98d13000000000000000000000000a160cdab225685da1d56aa342ad8841c3b53f2912eaeed7202b876109c3e7dfc849c82438488cd474267696d03badbeaad61102700000000000000000000000000000000000000000000000000000000000000600000000000000000000000000000000000000000000000000000000000000000,\xd15e16069e416507e5964ec1b392c51875f72b6aeb0b781b9fd7de2bab044f6c,DynamicFee,,41517087522,2000000000,2000000000
2022-07-11T21:05:25+00:00,17,185,True,\x09b5027ef3a3b7332ee90321e558bad9c4447afa,\xd90e2f925da726b50c4ed8d0fb90ad053324f31b,100000000000000000000,15123687,\x737d84719f0cc2fcab1f86415c50dbf99a4ecab8453c53966114b861436df8fa,981332,35089746788,935068,\x13d98d13000000000000000000000000a160cdab225685da1d56aa342ad8841c3b53f2910f2de2cee2b561c5205b1b644d3157827a5c1ef5213db64f05e7730e3253c6e200000000000000000000000000000000000000000000000000000000000000600000000000000000000000000000000000000000000000000000000000000000,\xc43391f278095d1a752b422baead9cc3403cf3d681f179e7cf1aea83a3f861c1,DynamicFee,,46452201719,2000000000,2000000000
2022-07-11T21:06:17+00:00,18,107,True,\x09b5027ef3a3b7332ee90321e558bad9c4447afa,\xd90e2f925da726b50c4ed8d0fb90ad053324f31b,100000000000000000000,15123690,\x14acbe11fb53ac50a630da4459546b6bedf7b699245cb5b8318f7820949b1392,991913,43913549359,929860,\x13d98d13000000000000000000000000a160cdab225685da1d56aa342ad8841c3b53f291136a8fffb6a2d9d15dd68f29b396a335e89462f63d77605053f1644188ab9e8e00000000000000000000000000000000000000000000000000000000000000600000000000000000000000000000000000000000000000000000000000000000,\x96e03b09f831081908d7576aa1a26924ae58c009d5c37fbe1f7c82601681e487,DynamicFee,,58252569540,2000000000,2000000000
2022-07-11T21:07:14+00:00,19,109,True,\x09b5027ef3a3b7332ee90321e558bad9c4447afa,\xd90e2f925da726b50c4ed8d0fb90ad053324f31b,100000000000000000000,15123696,\x353e3fd076024dfb3b9d62fcacaba7389a180d50ee48a8cd1c6f695927d0b1fd,991913,38506347151,929860,\x13d98d13000000000000000000000000a160cdab225685da1d56aa342ad8841c3b53f29107ca86d4b4268d0f343b3219414305526dd801d226abe889abc1a3216b7d8f6800000000000000000000000000000000000000000000000000000000000000600000000000000000000000000000000000000000000000000000000000000000,\x604138238e1945c67f020ada4683937857b3bc4eb8bf8ed8cbcbc8d05d997805,DynamicFee,,81284595416,2000000000,2000000000
2022-07-11T21:07:50+00:00,20,47,True,\x09b5027ef3a3b7332ee90321e558bad9c4447afa,\xd90e2f925da726b50c4ed8d0fb90ad053324f31b,100000000000000000000,15123700,\xb2edd71f1d39b864da7a86128af060e11ea05e894c97cd17aaf754179b32b26a,986622,37287294905,924652,\x13d98d13000000000000000000000000a160cdab225685da1d56aa342ad8841c3b53f2911d2dd9de9b784a4240213f1987067e5724aafb7eb81782909e7b353c557d949900000000000000000000000000000000000000000000000000000000000000600000000000000000000000000000000000000000000000000000000000000000,\x23d0b9943a7b8d81066b76b1169afe5c624b467484ab7ea633597d6561563fcb,DynamicFee,,66378393024,2000000000,2000000000
2022-07-11T21:07:57+00:00,21,221,True,\x09b5027ef3a3b7332ee90321e558bad9c4447afa,\xd90e2f925da726b50c4ed8d0fb90ad053324f31b,100000000000000000000,15123701,\x5de8e865926325a12add6979f90b540d6662ea1b73bbfe63effb3af02b4fe03f,991913,38899387621,929860,\x13d98d13000000000000000000000000a160cdab225685da1d56aa342ad8841c3b53f2910fac6ba2e102ad63676ebb93346144508116a496eca815b843de40178f91d9dd00000000000000000000000000000000000000000000000000000000000000600000000000000000000000000000000000000000000000000000000000000000,\x2565f0ab600009042b53e3dbd27989e43d3aed04af1180a60c16eb4ce8079279,DynamicFee,,61988401339,2000000000,2000000000
2022-07-11T21:08:36+00:00,22,72,True,\x09b5027ef3a3b7332ee90321e558bad9c4447afa,\xd90e2f925da726b50c4ed8d0fb90ad053324f31b,100000000000000000000,15123704,\x52b9fc1cb5924b991cd4d5c95de3e360084b3640a89e9bb6d5fe7e167877e3f2,991909,38251445569,924652,\x13d98d13000000000000000000000000a160cdab225685da1d56aa342ad8841c3b53f29128e823f216144c7f7c0d430b54441044f3a69ec91647fc2eba4ce850c591489100000000000000000000000000000000000000000000000000000000000000600000000000000000000000000000000000000000000000000000000000000000,\xf5c6226489c534c45c97ff7c0a5cd40d5d49c9e408ee64046efba5770a797ae2,DynamicFee,,61988401339,2000000000,2000000000
2022-07-11T21:09:18+00:00,23,216,True,\x09b5027ef3a3b7332ee90321e558bad9c4447afa,\xd90e2f925da726b50c4ed8d0fb90ad053324f31b,100000000000000000000,15123708,\x1ce020f87dd41b5e7dd43d0b444d3943ba5ab7b4f4589628eaed348b40c22507,986622,38095492873,924652,\x13d98d13000000000000000000000000a160cdab225685da1d56aa342ad8841c3b53f29111310f27d4a6493ef7d57fd53b5303460792fcaeeb3f223daf1e2467ace6677000000000000000000000000000000000000000000000000000000000000000600000000000000000000000000000000000000000000000000000000000000000,\xda381558ec5c4688128e086cde5184ec5cb5bdb6fe659057e36f74476b6193d0,DynamicFee,,61636769392,2000000000,2000000000
2022-07-11T21:09:18+00:00,24,309,True,\x09b5027ef3a3b7332ee90321e558bad9c4447afa,\xd90e2f925da726b50c4ed8d0fb90ad053324f31b,100000000000000000000,15123708,\x1ce020f87dd41b5e7dd43d0b444d3943ba5ab7b4f4589628eaed348b40c22507,986622,38095492873,919444,\x13d98d13000000000000000000000000a160cdab225685da1d56aa342ad8841c3b53f2912c1a99b3abd17b6ad0c07032452aa50aaa50be85a41f2c790c5a86bf8dc9eede00000000000000000000000000000000000000000000000000000000000000600000000000000000000000000000000000000000000000000000000000000000,\x338cbf9c50648843433fdd1f631661877159937828b954b8912dbcf6ba99ffae,DynamicFee,,63543304432,2000000000,2000000000
2022-07-11T21:10:04+00:00,25,300,True,\x09b5027ef3a3b7332ee90321e558bad9c4447afa,\xd90e2f925da726b50c4ed8d0fb90ad053324f31b,100000000000000000000,15123710,\x979269070db517b5716558d3518ee9135a97d3c35c3d49517415d2230a63c361,991913,45787218895,929860,\x13d98d13000000000000000000000000a160cdab225685da1d56aa342ad8841c3b53f291074f6f28502741fff59e79190d653cd7df123f75393a5c20b1511861662cd0b800000000000000000000000000000000000000000000000000000000000000600000000000000000000000000000000000000000000000000000000000000000,\x81822dc2b15d12dd3d701857a74593202ab7c8a25dc4353436e370a4be34ee7d,DynamicFee,,71024544894,2000000000,2000000000
2022-07-11T21:12:07+00:00,26,182,True,\x09b5027ef3a3b7332ee90321e558bad9c4447afa,\xd90e2f925da726b50c4ed8d0fb90ad053324f31b,100000000000000000000,15123712,\xe7c8d322e2975ed30f52c2e16dfe786a77819e57f2452f546f7f337b6921b289,986622,57413532824,924652,\x13d98d13000000000000000000000000a160cdab225685da1d56aa342ad8841c3b53f2912e5f017966fbda9b9085328dde60e3a4b8ca0ae63e29192a8c5b09c6a8f0fc5e00000000000000000000000000000000000000000000000000000000000000600000000000000000000000000000000000000000000000000000000000000000,\x9fe469dd8662269d1c9575b37b029d626c5d027a31d37569b6f4b64354e54d84,DynamicFee,,76438272122,2000000000,2000000000
2022-07-11T21:12:07+00:00,27,241,True,\x09b5027ef3a3b7332ee90321e558bad9c4447afa,\xd90e2f925da726b50c4ed8d0fb90ad053324f31b,100000000000000000000,15123712,\xe7c8d322e2975ed30f52c2e16dfe786a77819e57f2452f546f7f337b6921b289,986622,57413532824,924652,\x13d98d13000000000000000000000000a160cdab225685da1d56aa342ad8841c3b53f29117616ccdf09bc5a86c799fbbdce3432b8d5bfd8d994bb4ab89e81b9d55a06f6e00000000000000000000000000000000000000000000000000000000000000600000000000000000000000000000000000000000000000000000000000000000,\x11c9a00fa4afc4b58d219cc1954352f80a0f7ee3b042b1b2f4523681e12abd1d,DynamicFee,,85742586096,2000000000,2000000000
2022-07-11T21:12:07+00:00,28,318,True,\x09b5027ef3a3b7332ee90321e558bad9c4447afa,\xd90e2f925da726b50c4ed8d0fb90ad053324f31b,100000000000000000000,15123712,\xe7c8d322e2975ed30f52c2e16dfe786a77819e57f2452f546f7f337b6921b289,986622,57413532824,919444,\x13d98d13000000000000000000000000a160cdab225685da1d56aa342ad8841c3b53f2910351e1950211e8482696105d3ad8d5c9377a2f917ac1c54d56a5640f25e548cf00000000000000000000000000000000000000000000000000000000000000600000000000000000000000000000000000000000000000000000000000000000,\xa1dae0e2c3afb08eeb369f1dc9a1b9b37e5561c85beab6697372b96c7ff7353c,DynamicFee,,85742586096,2000000000,2000000000
2022-07-11T21:13:18+00:00,29,174,True,\x09b5027ef3a3b7332ee90321e558bad9c4447afa,\xd90e2f925da726b50c4ed8d0fb90ad053324f31b,100000000000000000000,15123716,\x91863de317dabf67b81e2fe6575efe878517fffe8bf4189519b7014ed0d35c9f,986622,60470949113,924652,\x13d98d13000000000000000000000000a160cdab225685da1d56aa342ad8841c3b53f29104957ca99f61cbf9c0471669a8edd876e53e79691ddc6b7c46deccc1034b7d3900000000000000000000000000000000000000000000000000000000000000600000000000000000000000000000000000000000000000000000000000000000,\xda4250a7cd65c80b2dcf6c22861698c8a5ac0ac9bacccfcea9e068f5cae50a69,DynamicFee,,116723858543,2000000000,2000000000
2022-07-11T21:13:18+00:00,30,175,True,\x09b5027ef3a3b7332ee90321e558bad9c4447afa,\xd90e2f925da726b50c4ed8d0fb90ad053324f31b,100000000000000000000,15123716,\x91863de317dabf67b81e2fe6575efe878517fffe8bf4189519b7014ed0d35c9f,986622,61470949113,919444,\x13d98d13000000000000000000000000a160cdab225685da1d56aa342ad8841c3b53f29111afb0c8464f403f380d4c9db9c46d797acbc514d4be906083e8c74fb9e8268400000000000000000000000000000000000000000000000000000000000000600000000000000000000000000000000000000000000000000000000000000000,\x64a7e5862bf813132f7020e68a61d5e97092219d71a4106f7794525e14cbf1dd,DynamicFee,,65541258213,3000000000,3000000000
2022-07-11T21:14:16+00:00,31,32,True,\x09b5027ef3a3b7332ee90321e558bad9c4447afa,\xd90e2f925da726b50c4ed8d0fb90ad053324f31b,100000000000000000000,15123719,\x795de509ef0d65b62b11f5ba6abbba264e727eb00b21abb3a5493fd018327a86,981320,61777648117,919432,\x13d98d13000000000000000000000000a160cdab225685da1d56aa342ad8841c3b53f2911d2b5d47de4e6aa394eab712f214ed6888fd8d615ca05f7ef930b8860002432d00000000000000000000000000000000000000000000000000000000000000600000000000000000000000000000000000000000000000000000000000000000,\x3e23d345acfb7fcc3e042cda9b0d4179484a9147899e299d7fbcd19950c19678,DynamicFee,,68778459981,3000000000,3000000000
2022-07-11T21:14:41+00:00,32,55,True,\x09b5027ef3a3b7332ee90321e558bad9c4447afa,\xd90e2f925da726b50c4ed8d0fb90ad053324f31b,100000000000000000000,15123722,\xf09aa59e8acee8a2de08ef12d8572352cab6e98d753deec557b73702cd379f09,981332,55795498865,914236,\x13d98d13000000000000000000000000a160cdab225685da1d56aa342ad8841c3b53f2912e5176e2402ec3e7f54ef232e8f6cb1f02f525e8f0b612fb396ac9b64976be1200000000000000000000000000000000000000000000000000000000000000600000000000000000000000000000000000000000000000000000000000000000,\x67b3c6209367db3f7a847d71a8bb60ae786ceac461b360c32f2aa919df80260a,DynamicFee,,64825433860,3000000000,3000000000
2022-07-11T21:15:14+00:00,33,153,True,\x09b5027ef3a3b7332ee90321e558bad9c4447afa,\xd90e2f925da726b50c4ed8d0fb90ad053324f31b,100000000000000000000,15123726,\x738875eb9ef68b1e9d266fc5d4be1423b5f8b574f57eb0653e87e1a02852cbd9,1002494,50880378380,940276,\x13d98d13000000000000000000000000a160cdab225685da1d56aa342ad8841c3b53f29101bf77463956617d659d15aebc7f8288d73d8ca95b67c4924e24dda98d3cefa200000000000000000000000000000000000000000000000000000000000000600000000000000000000000000000000000000000000000000000000000000000,\x58c9fd40a65f9566e78ee9817383d8ec8a003d0838d637b3d62aac79fd696609,DynamicFee,,56463283256,3000000000,3000000000
2022-07-11T21:19:30+00:00,34,54,True,\x09b5027ef3a3b7332ee90321e558bad9c4447afa,\xd90e2f925da726b50c4ed8d0fb90ad053324f31b,100000000000000000000,15123739,\x564004d0bead1832f884655bdd2f7c6a12ab9c9b1aa6d3a4ef57c3ca9ae793ac,1002494,47971796567,935068,\x13d98d13000000000000000000000000a160cdab225685da1d56aa342ad8841c3b53f2910fa6b70a1e75a9d5e3cc54fc39feeca6518801852e09c6e3b62c9defba584faa00000000000000000000000000000000000000000000000000000000000000600000000000000000000000000000000000000000000000000000000000000000,\x3813535336a9119183292d964cae463389ed90e46d2ae063c743859ad02140ec,DynamicFee,,48237082891,3000000000,3000000000
2022-07-11T21:19:30+00:00,38,90,True,\x09b5027ef3a3b7332ee90321e558bad9c4447afa,\xd90e2f925da726b50c4ed8d0fb90ad053324f31b,100000000000000000000,15123739,\x564004d0bead1832f884655bdd2f7c6a12ab9c9b1aa6d3a4ef57c3ca9ae793ac,997192,47971796567,929848,\x13d98d13000000000000000000000000a160cdab225685da1d56aa342ad8841c3b53f291196aa1e7a4def16a0227e5fa6f2d2723b40b38e7c8e3c94231f170e913e17a0000000000000000000000000000000000000000000000000000000000000000600000000000000000000000000000000000000000000000000000000000000000,\xbb091549366f7343a8c9f875fbba0a536a86572c88b38620e0bef13a396f0adb,DynamicFee,,56862916290,3000000000,3000000000
2022-07-11T21:19:30+00:00,35,87,True,\x09b5027ef3a3b7332ee90321e558bad9c4447afa,\xd90e2f925da726b50c4ed8d0fb90ad053324f31b,100000000000000000000,15123739,\x564004d0bead1832f884655bdd2f7c6a12ab9c9b1aa6d3a4ef57c3ca9ae793ac,1002494,46971796567,935068,\x13d98d13000000000000000000000000a160cdab225685da1d56aa342ad8841c3b53f2910d89c8af65d774d2b32684cc73aec49cc8e6affbb72cf897bfdcfa98bb572bfb00000000000000000000000000000000000000000000000000000000000000600000000000000000000000000000000000000000000000000000000000000000,\xd47a87ec13491289a9010fef80405094d81f8d85c2cfbf342ece5f823f58630c,DynamicFee,,78903040915,2000000000,2000000000
2022-07-11T21:19:30+00:00,36,88,True,\x09b5027ef3a3b7332ee90321e558bad9c4447afa,\xd90e2f925da726b50c4ed8d0fb90ad053324f31b,100000000000000000000,15123739,\x564004d0bead1832f884655bdd2f7c6a12ab9c9b1aa6d3a4ef57c3ca9ae793ac,1002494,47971796567,929860,\x13d98d13000000000000000000000000a160cdab225685da1d56aa342ad8841c3b53f2912a5a561e95734610e4e3e8203afa4e25384481f54a905829e8ba0fea4098ebf200000000000000000000000000000000000000000000000000000000000000600000000000000000000000000000000000000000000000000000000000000000,\xc59ecfea451bb1fe75496a1cde7d4e0d3112d445f8e57f50eba54f19c49b68fa,DynamicFee,,48237082891,3000000000,3000000000
2022-07-11T21:19:30+00:00,37,89,True,\x09b5027ef3a3b7332ee90321e558bad9c4447afa,\xd90e2f925da726b50c4ed8d0fb90ad053324f31b,100000000000000000000,15123739,\x564004d0bead1832f884655bdd2f7c6a12ab9c9b1aa6d3a4ef57c3ca9ae793ac,997204,47971796567,935068,\x13d98d13000000000000000000000000a160cdab225685da1d56aa342ad8841c3b53f2911adfa5c55324a1197733bb20d6a63c5af9713c56085cd45b92ffb6666f5bfe5900000000000000000000000000000000000000000000000000000000000000600000000000000000000000000000000000000000000000000000000000000000,\x2cb9f8174260f6b58e4445b7aceb6953c6690dea6a825c439a9db4268923370f,DynamicFee,,48237082891,3000000000,3000000000
2022-07-11T21:19:30+00:00,39,91,True,\x09b5027ef3a3b7332ee90321e558bad9c4447afa,\xd90e2f925da726b50c4ed8d0fb90ad053324f31b,100000000000000000000,15123739,\x564004d0bead1832f884655bdd2f7c6a12ab9c9b1aa6d3a4ef57c3ca9ae793ac,997204,47971796567,929860,\x13d98d13000000000000000000000000a160cdab225685da1d56aa342ad8841c3b53f29101c77aa9dcfb381932256218e02f9826fea06af657ac6c26d6f2e6cb93a7e4a400000000000000000000000000000000000000000000000000000000000000600000000000000000000000000000000000000000000000000000000000000000,\xf2448e2752ebc4318096785a0a345c245d328f506c329650c5a9a0c73dd3e651,DynamicFee,,60311571693,3000000000,3000000000
2022-07-11T21:19:30+00:00,40,92,True,\x09b5027ef3a3b7332ee90321e558bad9c4447afa,\xd90e2f925da726b50c4ed8d0fb90ad053324f31b,100000000000000000000,15123739,\x564004d0bead1832f884655bdd2f7c6a12ab9c9b1aa6d3a4ef57c3ca9ae793ac,997204,47971796567,924652,\x13d98d13000000000000000000000000a160cdab225685da1d56aa342ad8841c3b53f2912c6abaef56f39bdfd6d6a9bc0761b03ebe152d2f928627caf2eb4eb9aed6244300000000000000000000000000000000000000000000000000000000000000600000000000000000000000000000000000000000000000000000000000000000,\x19fd71ebfc42f2dc36a4db94dba5a02d49f47450c0937f76ea124b9397ef7212,DynamicFee,,60311571693,3000000000,3000000000
2022-07-11T21:19:30+00:00,41,93,True,\x09b5027ef3a3b7332ee90321e558bad9c4447afa,\xd90e2f925da726b50c4ed8d0fb90ad053324f31b,100000000000000000000,15123739,\x564004d0bead1832f884655bdd2f7c6a12ab9c9b1aa6d3a4ef57c3ca9ae793ac,997204,47971796567,935068,\x13d98d13000000000000000000000000a160cdab225685da1d56aa342ad8841c3b53f29103c5a91757f36773f05bf68e5e9ff20b0a7f75387c7761d674ac861b4ac4477800000000000000000000000000000000000000000000000000000000000000600000000000000000000000000000000000000000000000000000000000000000,\x19d86ca6ef8d2d9054d0b61295ff3d29c369789def6e0fb434904d93c0341f27,DynamicFee,,62600568291,3000000000,3000000000
2022-07-11T21:19:30+00:00,42,94,True,\x09b5027ef3a3b7332ee90321e558bad9c4447afa,\xd90e2f925da726b50c4ed8d0fb90ad053324f31b,100000000000000000000,15123739,\x564004d0bead1832f884655bdd2f7c6a12ab9c9b1aa6d3a4ef57c3ca9ae793ac,997204,47971796567,929860,\x13d98d13000000000000000000000000a160cdab225685da1d56aa342ad8841c3b53f2912f09ed01b7af12114c14953ab00d3e707e787cf5c7b60a3985ad04d2a52d82d600000000000000000000000000000000000000000000000000000000000000600000000000000000000000000000000000000000000000000000000000000000,\xde2c1dc80d6f24dae586611968226809c5cd6a72db94acbeace7aa81d9003a0e,DynamicFee,,62600568291,3000000000,3000000000
2022-07-11T21:19:30+00:00,43,95,True,\x09b5027ef3a3b7332ee90321e558bad9c4447afa,\xd90e2f925da726b50c4ed8d0fb90ad053324f31b,100000000000000000000,15123739,\x564004d0bead1832f884655bdd2f7c6a12ab9c9b1aa6d3a4ef57c3ca9ae793ac,997204,47971796567,929860,\x13d98d13000000000000000000000000a160cdab225685da1d56aa342ad8841c3b53f29120041ec7cf0d7ed8e19313cdc99d5c3f55e87bc14cab4670eaa280c8a036cf7f00000000000000000000000000000000000000000000000000000000000000600000000000000000000000000000000000000000000000000000000000000000,\x35c0e1e7acc1cda6e568fd284c1a5e1e8cb681974d4a330355458959a1534033,DynamicFee,,57470126043,3000000000,3000000000
2022-07-11T21:19:30+00:00,44,96,True,\x09b5027ef3a3b7332ee90321e558bad9c4447afa,\xd90e2f925da726b50c4ed8d0fb90ad053324f31b,100000000000000000000,15123739,\x564004d0bead1832f884655bdd2f7c6a12ab9c9b1aa6d3a4ef57c3ca9ae793ac,997204,47971796567,924652,\x13d98d13000000000000000000000000a160cdab225685da1d56aa342ad8841c3b53f2910968764430b8fc200405a20413ddbf819db44a7ced0dfd5d9534ce29dd17b00700000000000000000000000000000000000000000000000000000000000000600000000000000000000000000000000000000000000000000000000000000000,\x9c8ecb3d23346b80b20c568553b8a635096bb4472a7b5ca59fabd24af9f92bf6,DynamicFee,,59735468787,3000000000,3000000000
2022-07-11T21:19:30+00:00,45,97,True,\x09b5027ef3a3b7332ee90321e558bad9c4447afa,\xd90e2f925da726b50c4ed8d0fb90ad053324f31b,100000000000000000000,15123739,\x564004d0bead1832f884655bdd2f7c6a12ab9c9b1aa6d3a4ef57c3ca9ae793ac,997204,47971796567,929860,\x13d98d13000000000000000000000000a160cdab225685da1d56aa342ad8841c3b53f29121c93555205e4e44ae682c4d5ccf7ef7b8211205d690913ee6ee25d227c5ae4600000000000000000000000000000000000000000000000000000000000000600000000000000000000000000000000000000000000000000000000000000000,\x861ea082d1cc77776ee48bdd6b995470923bb873196d290a1b5e6089ec111c78,DynamicFee,,54296756160,3000000000,3000000000
2022-07-11T21:19:44+00:00,46,22,True,\x09b5027ef3a3b7332ee90321e558bad9c4447afa,\xd90e2f925da726b50c4ed8d0fb90ad053324f31b,100000000000000000000,15123740,\xb02a0e034f3c1da57674a65a3c526f6dbec3036dfbb4f9bb45f3aa50976d3cd7,997204,53589001065,924652,\x13d98d13000000000000000000000000a160cdab225685da1d56aa342ad8841c3b53f2911ff9ab85d8a0570accb4e7d769b29e59d0f6fad97402603cb503e082f7d0c3d300000000000000000000000000000000000000000000000000000000000000600000000000000000000000000000000000000000000000000000000000000000,\x9fe83785a757b7d69aa320b079d65da7d19cfc34e962679b91eea99b90236467,DynamicFee,,53738948047,3000000000,3000000000
2022-07-11T21:20:08+00:00,47,42,True,\x09b5027ef3a3b7332ee90321e558bad9c4447afa,\xd90e2f925da726b50c4ed8d0fb90ad053324f31b,100000000000000000000,15123744,\xf97bd461b219d1554a0aae03a09147a9c746cd4813e9830329a7918c406bb329,986622,41765018676,924652,\x13d98d13000000000000000000000000a160cdab225685da1d56aa342ad8841c3b53f291216f426c737342c18312b5667606762a3235b812d0ab38c4de6cae1d4a23861600000000000000000000000000000000000000000000000000000000000000600000000000000000000000000000000000000000000000000000000000000000,\x53b39e560d4ad5705672c0f9e4ddcad48f5acdd4fa9b8d49464c739f2d4bedd6,DynamicFee,,47971796567,3000000000,3000000000
2022-07-11T21:20:24+00:00,48,36,True,\x09b5027ef3a3b7332ee90321e558bad9c4447afa,\xd90e2f925da726b50c4ed8d0fb90ad053324f31b,100000000000000000000,15123745,\x216b44fa85837657d85274692c91fd017895e40da878a07dfced7c50b1c613fb,986586,43509488260,919408,\x13d98d13000000000000000000000000a160cdab225685da1d56aa342ad8841c3b53f291006302716ad7dc6278413c00c5a383dbfc6b427f1c15a15cc1a33800a22ba16f00000000000000000000000000000000000000000000000000000000000000600000000000000000000000000000000000000000000000000000000000000000,\x4a4c5b7d7a24c9396a433ca7565818f7b14a6b78b27c66498458f45ee3584dd8,DynamicFee,,52020889211,3000000000,3000000000
2022-07-11T21:20:35+00:00,49,65,True,\x09b5027ef3a3b7332ee90321e558bad9c4447afa,\xd90e2f925da726b50c4ed8d0fb90ad053324f31b,100000000000000000000,15123746,\xeadf17884250697be02a005202999c5c08b231b3ad5f4c9beecf4fd9f6416fa5,997204,42890421346,935068,\x13d98d13000000000000000000000000a160cdab225685da1d56aa342ad8841c3b53f2911ae5ca95b1d3e3044a62a06198378427352a7ddbce3affadc6e9638793bcfe2300000000000000000000000000000000000000000000000000000000000000600000000000000000000000000000000000000000000000000000000000000000,\x559df775440f265cbc06c3305ce5e2608af3934eb13f69a5a1bf6c184d386edb,DynamicFee,,44103699279,3000000000,3000000000
2022-07-11T21:21:21+00:00,50,13,True,\x09b5027ef3a3b7332ee90321e558bad9c4447afa,\xd90e2f925da726b50c4ed8d0fb90ad053324f31b,100000000000000000000,15123749,\xd245515fca1beee5e280c3bedea3342c94d4a82def1543991dc6691d9943294f,997204,42078068823,929860,\x13d98d13000000000000000000000000a160cdab225685da1d56aa342ad8841c3b53f2911c75a89fa0050dec36e40377e5e483a8287dca754420bcc6fd92916a74d63f5400000000000000000000000000000000000000000000000000000000000000600000000000000000000000000000000000000000000000000000000000000000,\x839e892abb1f1b9af6df9564de382fe086b9d87973444e53b76333a2ef2ce739,DynamicFee,,43509488260,3000000000,3000000000
2022-07-11T21:21:21+00:00,51,16,True,\x09b5027ef3a3b7332ee90321e558bad9c4447afa,\xd90e2f925da726b50c4ed8d0fb90ad053324f31b,100000000000000000000,15123749,\xd245515fca1beee5e280c3bedea3342c94d4a82def1543991dc6691d9943294f,996862,42078068823,929860,\x13d98d13000000000000000000000000a160cdab225685da1d56aa342ad8841c3b53f29120cff129498c6eef9841215f1f63ab3bf2a9f4271f1789f1ad018c586c57aae900000000000000000000000000000000000000000000000000000000000000600000000000000000000000000000000000000000000000000000000000000000,\xa96a08bd6c86643d4f3c9d44b627662914d997045c4c2b1ed9b0f975a743f155,DynamicFee,,43509488260,3000000000,3000000000
2022-07-11T21:21:33+00:00,52,111,True,\x09b5027ef3a3b7332ee90321e558bad9c4447afa,\xd90e2f925da726b50c4ed8d0fb90ad053324f31b,100000000000000000000,15123751,\x6ef3e2e7012ab14c8ae71254fc1d290f9c17f5d518cb888768834032db320601,986622,37549329516,924652,\x13d98d13000000000000000000000000a160cdab225685da1d56aa342ad8841c3b53f29105e488d96d19b33816c6c529ebbe0e420817c8108fc470c73ec45f590a49e23d00000000000000000000000000000000000000000000000000000000000000600000000000000000000000000000000000000000000000000000000000000000,\xc8b5c111592acb5716b88960e06079aa15c18461a5c21a7597c22f9665136582,DynamicFee,,42078068823,3000000000,3000000000
2022-07-11T21:22:04+00:00,53,20,True,\x09b5027ef3a3b7332ee90321e558bad9c4447afa,\xd90e2f925da726b50c4ed8d0fb90ad053324f31b,100000000000000000000,15123753,\x1d1bbac12227fbff8ddd34a5d420899e19c2b814c9ee5ac90e320da3739f9c22,991913,40240566824,929860,\x13d98d13000000000000000000000000a160cdab225685da1d56aa342ad8841c3b53f29111646bb464752fcba1e59aa9b6a37ac553115e4d39ae80a9777be8f36c842f7000000000000000000000000000000000000000000000000000000000000000600000000000000000000000000000000000000000000000000000000000000000,\xbb80f688d54e050fcbe0b905dd92ba26c659e62209108d1b591b04bf1a9a946a,DynamicFee,,40301205917,3000000000,3000000000
2022-07-11T21:22:29+00:00,54,38,True,\x09b5027ef3a3b7332ee90321e558bad9c4447afa,\xd90e2f925da726b50c4ed8d0fb90ad053324f31b,100000000000000000000,15123755,\xffc0f03a79b9fd876d147be039a61896333522b2d52e8e8c9db901885dff1383,986622,37420879639,924652,\x13d98d13000000000000000000000000a160cdab225685da1d56aa342ad8841c3b53f2912e9d67ac0e5942a50e08e5b4193f240bcdf76d15f312ef1ddd0673219d8e493300000000000000000000000000000000000000000000000000000000000000600000000000000000000000000000000000000000000000000000000000000000,\xab053ebcdf8d36ccc099e2dd092b8e942ab2be24d76816505544433b65004708,DynamicFee,,40240566824,3000000000,3000000000
2022-07-11T21:22:36+00:00,55,67,True,\x09b5027ef3a3b7332ee90321e558bad9c4447afa,\xd90e2f925da726b50c4ed8d0fb90ad053324f31b,100000000000000000000,15123756,\x9b8052e235e6d05f988a822c95c549a6ef24b33ab9c68f713db8215f57cbebc4,986622,38091553233,924652,\x13d98d13000000000000000000000000a160cdab225685da1d56aa342ad8841c3b53f29127aecfdac8aa322aad2f6ced2fdfa821accb4e4a34ba422bd2273fd41b2088b100000000000000000000000000000000000000000000000000000000000000600000000000000000000000000000000000000000000000000000000000000000,\x90bcd83fafd1469842a142e43ef9c01d0cb90c8c448ddd678922fc8855f8616d,DynamicFee,,38091553233,3000000000,2586754358
2022-07-11T21:22:59+00:00,56,106,True,\x09b5027ef3a3b7332ee90321e558bad9c4447afa,\xd90e2f925da726b50c4ed8d0fb90ad053324f31b,100000000000000000000,15123758,\xd21891117dec63db6029aa416e4daa2b50f742c3e7134c3390d10746c4aef5d8,981332,36349349649,919444,\x13d98d13000000000000000000000000a160cdab225685da1d56aa342ad8841c3b53f291158f48a4d5e0caf68b1c40dcded47a60ed89a8a530dd705b1090b46abaad44f600000000000000000000000000000000000000000000000000000000000000600000000000000000000000000000000000000000000000000000000000000000,\xab46648998c9f0367e712170ef8afab9e26b0e06deb7c7b5927d9797a746ad13,DynamicFee,,40843638741,3000000000,3000000000
2022-07-11T21:22:59+00:00,57,110,True,\x09b5027ef3a3b7332ee90321e558bad9c4447afa,\xd90e2f925da726b50c4ed8d0fb90ad053324f31b,100000000000000000000,15123758,\xd21891117dec63db6029aa416e4daa2b50f742c3e7134c3390d10746c4aef5d8,981332,36349349649,929860,\x13d98d13000000000000000000000000a160cdab225685da1d56aa342ad8841c3b53f29107b31abfd173d0c279834c63a1035c83516d193f475b347ac8981213066db3af00000000000000000000000000000000000000000000000000000000000000600000000000000000000000000000000000000000000000000000000000000000,\x204e446294c2970ff5456bd3f33871a05602bb06e43574bb8840f6dd034f18a5,DynamicFee,,40843638741,3000000000,3000000000
2022-07-11T21:23:49+00:00,58,32,True,\x09b5027ef3a3b7332ee90321e558bad9c4447afa,\xd90e2f925da726b50c4ed8d0fb90ad053324f31b,100000000000000000000,15123759,\x3d468dc0194a5879561d120a8ebb73b703bf7cadbfdfa782bc1c5a5996a93359,986622,40513161022,924652,\x13d98d13000000000000000000000000a160cdab225685da1d56aa342ad8841c3b53f29120e4408e2fd82c401e73a688819db208b1a0b4bb3c2014f8b0c9c9d6343b886800000000000000000000000000000000000000000000000000000000000000600000000000000000000000000000000000000000000000000000000000000000,\x38c28062c84481e37b20be7d93b426fb3a19a398cbec799648a66cc37754550f,DynamicFee,,40843638741,3000000000,3000000000
2022-07-11T21:25:41+00:00,59,65,True,\x09b5027ef3a3b7332ee90321e558bad9c4447afa,\xd90e2f925da726b50c4ed8d0fb90ad053324f31b,100000000000000000000,15123767,\x1a5d1a98d9329cbbb8572d0e2fddba127b8774b38aa5938c13bc243ed2081d14,986610,40513161022,924640,\x13d98d13000000000000000000000000a160cdab225685da1d56aa342ad8841c3b53f29117d30d565e4a259c424f9c3a1cf50cc775ddd9b68a0c3d8abecc71c832be9c0000000000000000000000000000000000000000000000000000000000000000600000000000000000000000000000000000000000000000000000000000000000,\x2b5ab9a0530a52ba96b81ea85caf898f713086dd82f548e1bd0bd61cf6693686,DynamicFee,,40513161022,3000000000,2343172138
2022-07-11T21:25:41+00:00,60,66,True,\x09b5027ef3a3b7332ee90321e558bad9c4447afa,\xd90e2f925da726b50c4ed8d0fb90ad053324f31b,100000000000000000000,15123767,\x1a5d1a98d9329cbbb8572d0e2fddba127b8774b38aa5938c13bc243ed2081d14,986622,41169988884,919444,\x13d98d13000000000000000000000000a160cdab225685da1d56aa342ad8841c3b53f2912dc59a88e8dea30e2a4429d33a414e106a9e3be3397d70d49d938967afe0ebc900000000000000000000000000000000000000000000000000000000000000600000000000000000000000000000000000000000000000000000000000000000,\xc8e0e66fbf6cb00ebe50a9e259e1b74e4bdf4712215d1329005f6efa9c0ac9fb,DynamicFee,,45201396505,3000000000,3000000000
2022-07-11T21:25:41+00:00,61,67,True,\x09b5027ef3a3b7332ee90321e558bad9c4447afa,\xd90e2f925da726b50c4ed8d0fb90ad053324f31b,100000000000000000000,15123767,\x1a5d1a98d9329cbbb8572d0e2fddba127b8774b38aa5938c13bc243ed2081d14,986622,41169988884,924652,\x13d98d13000000000000000000000000a160cdab225685da1d56aa342ad8841c3b53f2910339b1257432c885aa09b9332409389fdfded85e4cdcad041174b0ddf681574e00000000000000000000000000000000000000000000000000000000000000600000000000000000000000000000000000000000000000000000000000000000,\x6a0f467b5619058cc951c203dd7b20632bd2c4af5675cfc4e5bf6aaaf3b4eb2d,DynamicFee,,45201396505,3000000000,3000000000
2022-07-11T21:25:41+00:00,62,68,True,\x09b5027ef3a3b7332ee90321e558bad9c4447afa,\xd90e2f925da726b50c4ed8d0fb90ad053324f31b,100000000000000000000,15123767,\x1a5d1a98d9329cbbb8572d0e2fddba127b8774b38aa5938c13bc243ed2081d14,986622,41169988884,919444,\x13d98d13000000000000000000000000a160cdab225685da1d56aa342ad8841c3b53f2912ab358817289f50526208d221c0de5177af338d513aead509ad22fb9193d1d1500000000000000000000000000000000000000000000000000000000000000600000000000000000000000000000000000000000000000000000000000000000,\xdacb0daf2fd65806cd9fbb77675e927f0db399560fe4d0ac1d58afc84d6cca51,DynamicFee,,46373511142,3000000000,3000000000
2022-07-11T21:25:41+00:00,63,69,True,\x09b5027ef3a3b7332ee90321e558bad9c4447afa,\xd90e2f925da726b50c4ed8d0fb90ad053324f31b,100000000000000000000,15123767,\x1a5d1a98d9329cbbb8572d0e2fddba127b8774b38aa5938c13bc243ed2081d14,986622,41169988884,919444,\x13d98d13000000000000000000000000a160cdab225685da1d56aa342ad8841c3b53f2912158bfae4828979e1cfd023cc9a15e564d3f49346ee890f40bfb2823bb8e91b900000000000000000000000000000000000000000000000000000000000000600000000000000000000000000000000000000000000000000000000000000000,\x859951e5dfb428f29993495ad089ee9547352c81444c1d215982750d90832c3b,DynamicFee,,51790506297,3000000000,3000000000
2022-07-11T21:25:51+00:00,64,122,True,\x09b5027ef3a3b7332ee90321e558bad9c4447afa,\xd90e2f925da726b50c4ed8d0fb90ad053324f31b,100000000000000000000,15123768,\x67a4094d38142a268f70b77e128de378f6fa7e3c85bc43177c779fba483bb00d,976041,41740791804,914236,\x13d98d13000000000000000000000000a160cdab225685da1d56aa342ad8841c3b53f2912dff13cca3b8a7fd0c1d38aaee9ed19d4916dedc5a86d91370d1e968bc6d72ec00000000000000000000000000000000000000000000000000000000000000600000000000000000000000000000000000000000000000000000000000000000,\xabc9bbc90221d0d9de6a074ea811a7b0cb89fd3762082b8f995139a41b0b5c17,DynamicFee,,53592547132,3000000000,3000000000
2022-07-11T21:25:51+00:00,65,232,True,\x09b5027ef3a3b7332ee90321e558bad9c4447afa,\xd90e2f925da726b50c4ed8d0fb90ad053324f31b,100000000000000000000,15123768,\x67a4094d38142a268f70b77e128de378f6fa7e3c85bc43177c779fba483bb00d,976041,41169988884,935068,\x13d98d13000000000000000000000000a160cdab225685da1d56aa342ad8841c3b53f2910b19e9b12496b45e5a766655c63bf70b39a8421a0d144ecdd8988e2365730df500000000000000000000000000000000000000000000000000000000000000600000000000000000000000000000000000000000000000000000000000000000,\x8983363fb35807a27e1247af906cc865bb21540dbc8e2a1ea5008f7f8ca20e83,DynamicFee,,41169988884,3000000000,2429197080
2022-07-11T21:25:51+00:00,66,233,True,\x09b5027ef3a3b7332ee90321e558bad9c4447afa,\xd90e2f925da726b50c4ed8d0fb90ad053324f31b,100000000000000000000,15123768,\x67a4094d38142a268f70b77e128de378f6fa7e3c85bc43177c779fba483bb00d,976041,41169988884,929860,\x13d98d13000000000000000000000000a160cdab225685da1d56aa342ad8841c3b53f29109a4e6b180a757722f5997cb99279a9a92fdc61a84b16860d9a38bbf2cfb15e800000000000000000000000000000000000000000000000000000000000000600000000000000000000000000000000000000000000000000000000000000000,\x801b361a12b34ec4a86c33ec426585f11d9ef4ae4ac869506d9f719946b3f25b,DynamicFee,,41169988884,3000000000,2429197080
2022-07-11T21:31:07+00:00,67,75,True,\x09b5027ef3a3b7332ee90321e558bad9c4447afa,\xd90e2f925da726b50c4ed8d0fb90ad053324f31b,100000000000000000000,15123785,\xb4b0aaf7dde0aa80d330f6acfab7039e7a5a70f09b5e39c99775282061ad8fda,976041,41169988884,929860,\x13d98d13000000000000000000000000a160cdab225685da1d56aa342ad8841c3b53f2912c127962ace5cc4dcb2264e9e36f2e48b2359b8bce94300c6858b1c9dc461a9100000000000000000000000000000000000000000000000000000000000000600000000000000000000000000000000000000000000000000000000000000000,\x2b510a3f5264977b8b7fa618fcb24359dad60622b7aa1dfabb5d908660baed38,DynamicFee,,41169988884,3000000000,1841649908
2022-07-11T21:31:07+00:00,68,76,True,\x09b5027ef3a3b7332ee90321e558bad9c4447afa,\xd90e2f925da726b50c4ed8d0fb90ad053324f31b,100000000000000000000,15123785,\xb4b0aaf7dde0aa80d330f6acfab7039e7a5a70f09b5e39c99775282061ad8fda,991913,41740791804,924652,\x13d98d13000000000000000000000000a160cdab225685da1d56aa342ad8841c3b53f29103924cdd7a9ca44a7a664eff2b4034906aac6577a2a3d6075e4744a27b5ad48300000000000000000000000000000000000000000000000000000000000000600000000000000000000000000000000000000000000000000000000000000000,\xcbe707d7c77a049cefafb54749f5823ad9d791d6f05b1dbb0d3ba39f6565ad76,DynamicFee,,41740791804,3000000000,2412452828
2022-07-11T21:31:07+00:00,69,77,True,\x09b5027ef3a3b7332ee90321e558bad9c4447afa,\xd90e2f925da726b50c4ed8d0fb90ad053324f31b,100000000000000000000,15123785,\xb4b0aaf7dde0aa80d330f6acfab7039e7a5a70f09b5e39c99775282061ad8fda,991913,42328338976,929860,\x13d98d13000000000000000000000000a160cdab225685da1d56aa342ad8841c3b53f2912c506fa613a259b66a1a51c2563e3cd3bb89608aa93efc5435f9360e1afc02c600000000000000000000000000000000000000000000000000000000000000600000000000000000000000000000000000000000000000000000000000000000,\x77bb476dc7c8638e63dd098cf514a33b408f33b3e74c97701ba81e183580f7f1,DynamicFee,,52024748151,3000000000,3000000000
2022-07-11T21:31:07+00:00,70,78,True,\x09b5027ef3a3b7332ee90321e558bad9c4447afa,\xd90e2f925da726b50c4ed8d0fb90ad053324f31b,100000000000000000000,15123785,\xb4b0aaf7dde0aa80d330f6acfab7039e7a5a70f09b5e39c99775282061ad8fda,991901,42328338976,924640,\x13d98d13000000000000000000000000a160cdab225685da1d56aa342ad8841c3b53f2911032790826a6f44800ee3c8198b1a925ea4c03b712d9cf63e994b38685082b1500000000000000000000000000000000000000000000000000000000000000600000000000000000000000000000000000000000000000000000000000000000,\x25cc5f62cd68de020f41d318400100c2815c0bd0c9be6272415dee04f2465eca,DynamicFee,,55710364469,3000000000,3000000000
2022-07-11T21:31:07+00:00,71,79,True,\x09b5027ef3a3b7332ee90321e558bad9c4447afa,\xd90e2f925da726b50c4ed8d0fb90ad053324f31b,100000000000000000000,15123785,\xb4b0aaf7dde0aa80d330f6acfab7039e7a5a70f09b5e39c99775282061ad8fda,991901,42328338976,924640,\x13d98d13000000000000000000000000a160cdab225685da1d56aa342ad8841c3b53f29112db4fb7d659aa8648c353a3ef3751f32d410071b08405b85c5d81d209ba3a4e00000000000000000000000000000000000000000000000000000000000000600000000000000000000000000000000000000000000000000000000000000000,\xe69a4074c67ff22ad73001a4429ee2031147c65de7353963749ed92ba81bffbe,DynamicFee,,54430354887,3000000000,3000000000
2022-07-11T21:31:07+00:00,72,80,True,\x09b5027ef3a3b7332ee90321e558bad9c4447afa,\xd90e2f925da726b50c4ed8d0fb90ad053324f31b,100000000000000000000,15123785,\xb4b0aaf7dde0aa80d330f6acfab7039e7a5a70f09b5e39c99775282061ad8fda,991913,42328338976,919444,\x13d98d13000000000000000000000000a160cdab225685da1d56aa342ad8841c3b53f2912df24e1219898e7786ba1e3fc04426a131968e9b171b0583226f7d54e47252ea00000000000000000000000000000000000000000000000000000000000000600000000000000000000000000000000000000000000000000000000000000000,\x83e4c1adfeccb86db0cfe01b0ff725b658c401a4236014bbdbac9b209a5dba79,DynamicFee,,54430354887,3000000000,3000000000
2022-07-11T21:31:07+00:00,73,81,True,\x09b5027ef3a3b7332ee90321e558bad9c4447afa,\xd90e2f925da726b50c4ed8d0fb90ad053324f31b,100000000000000000000,15123785,\xb4b0aaf7dde0aa80d330f6acfab7039e7a5a70f09b5e39c99775282061ad8fda,991913,42328338976,929860,\x13d98d13000000000000000000000000a160cdab225685da1d56aa342ad8841c3b53f29101417232195996ecdc56dcd5b696f7884c257caf500b2f7250785eec39d936e500000000000000000000000000000000000000000000000000000000000000600000000000000000000000000000000000000000000000000000000000000000,\xcb583f25b2b91d8f541da0e7a10af13d66b0daef62c4cb3f7ac0462574070591,DynamicFee,,52222821478,3000000000,3000000000
2022-07-11T21:31:07+00:00,74,82,True,\x09b5027ef3a3b7332ee90321e558bad9c4447afa,\xd90e2f925da726b50c4ed8d0fb90ad053324f31b,100000000000000000000,15123785,\xb4b0aaf7dde0aa80d330f6acfab7039e7a5a70f09b5e39c99775282061ad8fda,991913,42328338976,924652,\x13d98d13000000000000000000000000a160cdab225685da1d56aa342ad8841c3b53f2911a89a05ed775b4d4cb1b27088c21c5aaea2e0919f78e825cd3fe32f66e396fca00000000000000000000000000000000000000000000000000000000000000600000000000000000000000000000000000000000000000000000000000000000,\x6af55cc0bfedd5e37ecdf91ff1c84986b303b22e9f291f4132bbf84556f4bc38,DynamicFee,,58373491126,3000000000,3000000000
2022-07-11T21:31:47+00:00,75,114,True,\x09b5027ef3a3b7332ee90321e558bad9c4447afa,\xd90e2f925da726b50c4ed8d0fb90ad053324f31b,100000000000000000000,15123788,\x753fc6362637af12f04aae92db6f2ab6a4b41fee933156b685c3c55ea29bc511,986622,38934013054,924652,\x13d98d13000000000000000000000000a160cdab225685da1d56aa342ad8841c3b53f29109613016f924311c69da427bd1a5bb23a25e2370c09a9ba5baaecf07d35959c400000000000000000000000000000000000000000000000000000000000000600000000000000000000000000000000000000000000000000000000000000000,\x0d476a84aeffbb99c2b15415afed91d843c72cdb12b0019ccfd6f9713d605dea,DynamicFee,,42385154333,3000000000,3000000000
2022-07-11T21:31:47+00:00,76,118,True,\x09b5027ef3a3b7332ee90321e558bad9c4447afa,\xd90e2f925da726b50c4ed8d0fb90ad053324f31b,100000000000000000000,15123788,\x753fc6362637af12f04aae92db6f2ab6a4b41fee933156b685c3c55ea29bc511,986610,38934013054,919432,\x13d98d13000000000000000000000000a160cdab225685da1d56aa342ad8841c3b53f29125e00ba5a740b468c8970f53f871b60a14f55dd6a1d1c46ae7cc214b823500a000000000000000000000000000000000000000000000000000000000000000600000000000000000000000000000000000000000000000000000000000000000,\x37417965f0b931ed0cdf02a380218972862b994b76e619928a81548337d791ba,DynamicFee,,41866727219,3000000000,3000000000
2022-07-11T21:32:57+00:00,77,109,True,\x09b5027ef3a3b7332ee90321e558bad9c4447afa,\xd90e2f925da726b50c4ed8d0fb90ad053324f31b,100000000000000000000,15123790,\x6c4a6d8070556db550ae8a04236b1be8d642064468833245e2613331fb17a99d,986622,41402693769,924652,\x13d98d13000000000000000000000000a160cdab225685da1d56aa342ad8841c3b53f2911ba7eb9e435b7995bf22941c7b6352a5a2318a295fd2c93c2c6263ad9cdef2c400000000000000000000000000000000000000000000000000000000000000600000000000000000000000000000000000000000000000000000000000000000,\x9beaa78165107dafe11a2887bd2f0cca1a1d48d86aa564ff5348ffea9802c229,DynamicFee,,41866727219,3000000000,3000000000
2022-07-11T21:33:32+00:00,78,252,True,\x09b5027ef3a3b7332ee90321e558bad9c4447afa,\xd90e2f925da726b50c4ed8d0fb90ad053324f31b,100000000000000000000,15123794,\xf6aa07870dba431a4b16b7046045c0f70231462dab7e5ab03aca439d48756dd1,986622,38934013054,919444,\x13d98d13000000000000000000000000a160cdab225685da1d56aa342ad8841c3b53f291090b6a8ebfb056820c6a7c2e493b356454ab8749d4393ecd9df98acc69603f0200000000000000000000000000000000000000000000000000000000000000600000000000000000000000000000000000000000000000000000000000000000,\xa0baf9ebb71fb599275ebb6c6a0ecbbf2316af53c58d500ea4ea9868b089953e,DynamicFee,,38934013054,3000000000,1878673060
2022-07-11T21:33:32+00:00,79,254,True,\x09b5027ef3a3b7332ee90321e558bad9c4447afa,\xd90e2f925da726b50c4ed8d0fb90ad053324f31b,100000000000000000000,15123794,\xf6aa07870dba431a4b16b7046045c0f70231462dab7e5ab03aca439d48756dd1,986622,38934013054,919444,\x13d98d13000000000000000000000000a160cdab225685da1d56aa342ad8841c3b53f291247f9689f94ab36f7a99360235c8198813886f69ae15d89aaec0d9997171b26b00000000000000000000000000000000000000000000000000000000000000600000000000000000000000000000000000000000000000000000000000000000,\x6e7ba1f2d344620bd5b137d1d06b17133d9dbaeb5e0f5e5026fdb2aa1215435d,DynamicFee,,38934013054,3000000000,1878673060
2022-07-11T21:33:32+00:00,80,255,True,\x09b5027ef3a3b7332ee90321e558bad9c4447afa,\xd90e2f925da726b50c4ed8d0fb90ad053324f31b,100000000000000000000,15123794,\xf6aa07870dba431a4b16b7046045c0f70231462dab7e5ab03aca439d48756dd1,986622,38934013054,914236,\x13d98d13000000000000000000000000a160cdab225685da1d56aa342ad8841c3b53f2911ca8ace158b2b7254df88a06e7646e96cd5c3906ae5231a137c395ec933a2cf000000000000000000000000000000000000000000000000000000000000000600000000000000000000000000000000000000000000000000000000000000000,\xe902c988da5e715c932f11df56a837e4599df5c695a8fa3d96b902e9f5cfe0d6,DynamicFee,,38934013054,3000000000,1878673060
2022-07-19T11:31:02+00:00,81,78,True,\x09b5027ef3a3b7332ee90321e558bad9c4447afa,\xd90e2f925da726b50c4ed8d0fb90ad053324f31b,10000000000000000000,15172813,\x08bba2cfa005543b02c3508f39a97fba2b639e1dd9775058757c1d57f890dd10,1007773,38827450618,945472,\x13d98d13000000000000000000000000910cbd523d972eb0a6f4cae4618ad62622b39dbf1c04f781462cac927d978c5c2035e8637af8349a00885552010da5c9a6219f0c00000000000000000000000000000000000000000000000000000000000000600000000000000000000000000000000000000000000000000000000000000000,\xeb0d8129042bf91cdbb51e34dbe603b88e042126ccbec6c358a2f8f5947bd1a2,DynamicFee,,38952333254,3000000000,3000000000
2022-07-19T11:31:02+00:00,82,80,True,\x09b5027ef3a3b7332ee90321e558bad9c4447afa,\xd90e2f925da726b50c4ed8d0fb90ad053324f31b,10000000000000000000,15172813,\x08bba2cfa005543b02c3508f39a97fba2b639e1dd9775058757c1d57f890dd10,986622,38697243610,940276,\x13d98d13000000000000000000000000910cbd523d972eb0a6f4cae4618ad62622b39dbf04c26f2ebbab43f8ca715fe1645838eec24f1f27353051169da70c9dd2306dc400000000000000000000000000000000000000000000000000000000000000600000000000000000000000000000000000000000000000000000000000000000,\x4ff332cd427ca56b1dd501fd9f65a7c29f3ef004da264eccb846b564b28d0fea,DynamicFee,,38697243610,3000000000,2869792992
2022-07-19T11:33:16+00:00,83,165,True,\x09b5027ef3a3b7332ee90321e558bad9c4447afa,\xd90e2f925da726b50c4ed8d0fb90ad053324f31b,10000000000000000000,15172823,\x34c91782c3c6b1caa26aa2a74e153e6eb51de4cf75fc049980ff81c69bdb5b3e,986622,30540170394,945484,\x13d98d13000000000000000000000000910cbd523d972eb0a6f4cae4618ad62622b39dbf17f3cb85cb376ee78d03dd55d63a83bd6d8c5e9df0c3a2f376f1fc25b396dab900000000000000000000000000000000000000000000000000000000000000600000000000000000000000000000000000000000000000000000000000000000,\xba1b9430836794eaf8e6770ddb5c479c46b5e4d88d4d92ce7ee79ad603fe75fa,DynamicFee,,30540170394,3000000000,857505801
2022-07-19T11:33:16+00:00,84,166,True,\x09b5027ef3a3b7332ee90321e558bad9c4447afa,\xd90e2f925da726b50c4ed8d0fb90ad053324f31b,10000000000000000000,15172823,\x34c91782c3c6b1caa26aa2a74e153e6eb51de4cf75fc049980ff81c69bdb5b3e,986622,30540170394,940276,\x13d98d13000000000000000000000000910cbd523d972eb0a6f4cae4618ad62622b39dbf155f553367ea1524779baf13c53843d0b225a72e75974771bccda4f12ed3cd8700000000000000000000000000000000000000000000000000000000000000600000000000000000000000000000000000000000000000000000000000000000,\x08f43d17884f2b264d80af7c084d35832f6930939a41dc6f1ffe1727f0aa8485,DynamicFee,,30540170394,3000000000,857505801
2022-07-19T11:33:16+00:00,85,167,True,\x09b5027ef3a3b7332ee90321e558bad9c4447afa,\xd90e2f925da726b50c4ed8d0fb90ad053324f31b,10000000000000000000,15172823,\x34c91782c3c6b1caa26aa2a74e153e6eb51de4cf75fc049980ff81c69bdb5b3e,986622,32361219867,940276,\x13d98d13000000000000000000000000910cbd523d972eb0a6f4cae4618ad62622b39dbf2da84756f373b56753bfbbbe367c65ceccdcc1029f7a7c6cd4e9bddac1a3ea1e00000000000000000000000000000000000000000000000000000000000000600000000000000000000000000000000000000000000000000000000000000000,\x5538f882679cedf1a97f2e7839cc8f04c7944ec321440fc01e2ab52e7a75f933,DynamicFee,,32361219867,3000000000,2678555274
2022-07-19T12:27:50+00:00,86,63,True,\x09b5027ef3a3b7332ee90321e558bad9c4447afa,\xd90e2f925da726b50c4ed8d0fb90ad053324f31b,1000000000000000000,15173052,\x4686c11e838e0aabbe868ae80882b3d9e8cd7384bb387979f962c85b782eecb0,986610,52429386844,924640,\x13d98d1300000000000000000000000047ce0c6ed5b0ce3d3a51fdb1c52dc66a7c3c2936080779d721d84b367a3e1298790468ead5dbd2e700a020376ad462fe4b73dd3f00000000000000000000000000000000000000000000000000000000000000600000000000000000000000000000000000000000000000000000000000000000,\x29166df68c182a00842b8f2e45b2eff30775188313099998d74ff992ab148d6e,DynamicFee,,54946010364,3000000000,3000000000
2022-07-19T12:28:38+00:00,87,30,True,\x09b5027ef3a3b7332ee90321e558bad9c4447afa,\xd90e2f925da726b50c4ed8d0fb90ad053324f31b,1000000000000000000,15173058,\x3fa4aa7e8704c923b65927ac24a1f189e714b6cb346d7a692fdfcc9937929284,981332,37327101928,919444,\x13d98d1300000000000000000000000047ce0c6ed5b0ce3d3a51fdb1c52dc66a7c3c29360f4381719493c8f34af6134eee433cb2793c647d06e49243439df568ddf05c6400000000000000000000000000000000000000000000000000000000000000600000000000000000000000000000000000000000000000000000000000000000,\xd0364ddbf9139ceee7915c5146812826c1c4cee3cd0973803b6b1e77d60e5cec,DynamicFee,,52429386844,3000000000,3000000000
2022-07-19T12:28:51+00:00,88,26,True,\x09b5027ef3a3b7332ee90321e558bad9c4447afa,\xd90e2f925da726b50c4ed8d0fb90ad053324f31b,1000000000000000000,15173061,\x32c579a85ea48e6a69f0b26cb1d61cf95e38f0a215b621980414c0401e48d6da,986622,31594000346,924652,\x13d98d1300000000000000000000000047ce0c6ed5b0ce3d3a51fdb1c52dc66a7c3c293611d0df53099be9e05f6fa9b640d1fb198152c6c09896efb277ce9b03523ac9a400000000000000000000000000000000000000000000000000000000000000600000000000000000000000000000000000000000000000000000000000000000,\x8a0debcd5ba2b770f63a59eef10ca6dec46bd6f5bedd9fdc0e4ae1afdbd0e151,DynamicFee,,41862116898,3000000000,3000000000
2022-07-19T12:28:59+00:00,89,125,True,\x09b5027ef3a3b7332ee90321e558bad9c4447afa,\xd90e2f925da726b50c4ed8d0fb90ad053324f31b,1000000000000000000,15173062,\xd23cc1c0cd28aa648cd43bdd16c865a01664eb41dd741a35828b77fe65fb5db8,981332,31713579972,919444,\x13d98d1300000000000000000000000047ce0c6ed5b0ce3d3a51fdb1c52dc66a7c3c2936210112556717c944bcd6627e43d3e1948c62b9baa718685e5602421f2943587400000000000000000000000000000000000000000000000000000000000000600000000000000000000000000000000000000000000000000000000000000000,\x2eb0b3394699ef25592c8650096ab2ba8dfbc4603afe2888706cfdd8383a95ae,DynamicFee,,32851367040,3000000000,3000000000
2022-07-19T12:28:59+00:00,90,126,True,\x09b5027ef3a3b7332ee90321e558bad9c4447afa,\xd90e2f925da726b50c4ed8d0fb90ad053324f31b,1000000000000000000,15173062,\xd23cc1c0cd28aa648cd43bdd16c865a01664eb41dd741a35828b77fe65fb5db8,981332,31713579972,919444,\x13d98d1300000000000000000000000047ce0c6ed5b0ce3d3a51fdb1c52dc66a7c3c2936063e4864fa941366cdf64493403e0606c2e4aeb3ee90d241eb7e5a3510280da500000000000000000000000000000000000000000000000000000000000000600000000000000000000000000000000000000000000000000000000000000000,\xe19dbc7b0409f64b7a33dffdc3566a286e03a9bd867566dada3a21f8591158c6,DynamicFee,,32851367040,3000000000,3000000000
2022-07-19T12:29:42+00:00,91,312,True,\x09b5027ef3a3b7332ee90321e558bad9c4447afa,\xd90e2f925da726b50c4ed8d0fb90ad053324f31b,1000000000000000000,15173064,\x14af210e4098e50491ed0ffce5700ac5a2d62807ff83c7a43f3a72c2582c29bb,976041,31594000346,914236,\x13d98d1300000000000000000000000047ce0c6ed5b0ce3d3a51fdb1c52dc66a7c3c29360639d05f8cbaec2c28b592289cb654ec8878cd48d6957cd20d2c31c5ce81228500000000000000000000000000000000000000000000000000000000000000600000000000000000000000000000000000000000000000000000000000000000,\x10cef636b04dd8ef17eaedc8ee03114e83e5633a9d1a7312631d1af54d966146,DynamicFee,,31594000346,3000000000,466249327
2022-07-19T12:29:42+00:00,92,313,True,\x09b5027ef3a3b7332ee90321e558bad9c4447afa,\xd90e2f925da726b50c4ed8d0fb90ad053324f31b,1000000000000000000,15173064,\x14af210e4098e50491ed0ffce5700ac5a2d62807ff83c7a43f3a72c2582c29bb,976041,34127751019,929860,\x13d98d1300000000000000000000000047ce0c6ed5b0ce3d3a51fdb1c52dc66a7c3c29361f256c6a86c70a70be6cafce33355caf158ded86dce32658cf0d5ede8cc99f0500000000000000000000000000000000000000000000000000000000000000600000000000000000000000000000000000000000000000000000000000000000,\xc8eb2c36b8b8b515189e766f7053cec372fe30b003443ef43b275de43f343771,DynamicFee,,35301801446,3000000000,3000000000
2022-07-19T12:30:07+00:00,93,184,True,\x09b5027ef3a3b7332ee90321e558bad9c4447afa,\xd90e2f925da726b50c4ed8d0fb90ad053324f31b,1000000000000000000,15173065,\xc4c8f6926fb7582797f531bb65d5845395a44a5fb0840d6cb4bc2e2f43537548,986622,35301801446,924652,\x13d98d1300000000000000000000000047ce0c6ed5b0ce3d3a51fdb1c52dc66a7c3c2936100ba6eac38e89ada6c5775bf3b0b19462c46de0b17223010244edb4f47c3db100000000000000000000000000000000000000000000000000000000000000600000000000000000000000000000000000000000000000000000000000000000,\x81f009587ecbfe8a7e90c193d1776a16881e777f18d94a8883c4c3ea962be0d7,DynamicFee,,35301801446,3000000000,1780151799
2022-07-19T12:33:25+00:00,94,185,True,\x09b5027ef3a3b7332ee90321e558bad9c4447afa,\xd90e2f925da726b50c4ed8d0fb90ad053324f31b,1000000000000000000,15173076,\xe13c5ced1bf0b5df9a449c30149b3b4c200a90dc9e85e36e247abacdab6abbf5,986610,34127751019,924640,\x13d98d1300000000000000000000000047ce0c6ed5b0ce3d3a51fdb1c52dc66a7c3c29362483c4e1445b96ad76b483f0d500fb9f3faf2b9985574d259164f2ff5ad95e1100000000000000000000000000000000000000000000000000000000000000600000000000000000000000000000000000000000000000000000000000000000,\x65bf3fcc2efde7e4a818bd0324cb3a3260dd9df3cb770f71b20b0a53fe767362,DynamicFee,,34127751019,3000000000,1371064284
2022-07-19T12:33:25+00:00,95,186,True,\x09b5027ef3a3b7332ee90321e558bad9c4447afa,\xd90e2f925da726b50c4ed8d0fb90ad053324f31b,1000000000000000000,15173076,\xe13c5ced1bf0b5df9a449c30149b3b4c200a90dc9e85e36e247abacdab6abbf5,986622,35756686735,919444,\x13d98d1300000000000000000000000047ce0c6ed5b0ce3d3a51fdb1c52dc66a7c3c29360ef0a62e9fab1294514641bd52dd92101725e9b96da9b9d2578389e2c0a1b68400000000000000000000000000000000000000000000000000000000000000600000000000000000000000000000000000000000000000000000000000000000,\xc2821b7574dcb0fa236b9f4756ee4799677a57a583fbbb16e500d7973403dc4a,DynamicFee,,40711529854,3000000000,3000000000
2022-07-19T12:33:25+00:00,96,187,True,\x09b5027ef3a3b7332ee90321e558bad9c4447afa,\xd90e2f925da726b50c4ed8d0fb90ad053324f31b,1000000000000000000,15173076,\xe13c5ced1bf0b5df9a449c30149b3b4c200a90dc9e85e36e247abacdab6abbf5,986622,35756686735,924652,\x13d98d1300000000000000000000000047ce0c6ed5b0ce3d3a51fdb1c52dc66a7c3c293612fde592ffd065242435c4b559ef9e961c5146da5ff59df466f3c3dbf7aeb49600000000000000000000000000000000000000000000000000000000000000600000000000000000000000000000000000000000000000000000000000000000,\x67f3735b54517bdfeb68115c8052fc53f483f06bcd2eacfbb4eb32eca7b05322,DynamicFee,,40711529854,3000000000,3000000000
2022-07-11T20:20:59+00:00,0,93,True,\x3cafc86a98b77eedcd3db0ee0ae562d7fe1897a2,\xc36442b4a4522e871399cd717abdd847ab11fe88,0,15123473,\x28b0ed3fe7ed756bca98d7fdc61dda0189e6c8a93cc7b1324306bfd12a61fc0f,190543,67952846214,117429,\x23b872dd000000000000000000000000ecc6b71b294cd4e1baf87e95fb1086b835bb4eba00000000000000000000000009b5027ef3a3b7332ee90321e558bad9c4447afa000000000000000000000000000000000000000000000000000000000003fb0c,\x8f13bcbd56ef6c4ebdf1c18388ae4510be358b516aef4347b7d989b0340a1ae8,DynamicFee,,121633080045,2000000000,2000000000
2022-07-11T20:21:12+00:00,1,127,True,\x3cafc86a98b77eedcd3db0ee0ae562d7fe1897a2,\xc36442b4a4522e871399cd717abdd847ab11fe88,0,15123474,\xc606f8ad3c741febee94986aca4bc4f5dec2984a4918c30dcc4e7c93c8542910,179593,64320818027,110129,\x23b872dd000000000000000000000000ecc6b71b294cd4e1baf87e95fb1086b835bb4eba00000000000000000000000009b5027ef3a3b7332ee90321e558bad9c4447afa000000000000000000000000000000000000000000000000000000000003e8d1,\x43337dadfd774ffdbb883f0935f1ba368d9fceb24a161e157cf4402e824dfbfd,DynamicFee,,101674191723,2000000000,2000000000
2022-07-11T20:21:31+00:00,2,130,True,\x3cafc86a98b77eedcd3db0ee0ae562d7fe1897a2,\xc36442b4a4522e871399cd717abdd847ab11fe88,0,15123475,\x40defc67ac5ad2533ec8337dafa61cdbc6f668068165987ed0a91d40eed34849,164893,72108939373,100329,\x23b872dd000000000000000000000000ecc6b71b294cd4e1baf87e95fb1086b835bb4eba00000000000000000000000009b5027ef3a3b7332ee90321e558bad9c4447afa000000000000000000000000000000000000000000000000000000000003ee96,\x519802e340fe178bb573b6ad840a2eb56ba2638cffc5791860aa4af2fa05b398,DynamicFee,,114119838564,2000000000,2000000000
2022-07-11T20:22:25+00:00,3,37,True,\x3cafc86a98b77eedcd3db0ee0ae562d7fe1897a2,\xc36442b4a4522e871399cd717abdd847ab11fe88,0,15123481,\x1fc4baaa2e3c6b7ff340be646f8ca5b90f6a29916a592bfd2e001cabeafff8ad,179593,62692883318,110129,\x23b872dd000000000000000000000000ecc6b71b294cd4e1baf87e95fb1086b835bb4eba00000000000000000000000009b5027ef3a3b7332ee90321e558bad9c4447afa000000000000000000000000000000000000000000000000000000000003d18f,\x93c92add20996939860e1f9a679b6d26eeadc192ec47f9f793d413517ad49a77,DynamicFee,,83534660951,2000000000,2000000000
2022-07-11T20:22:30+00:00,4,169,True,\x3cafc86a98b77eedcd3db0ee0ae562d7fe1897a2,\xc36442b4a4522e871399cd717abdd847ab11fe88,0,15123483,\xa874cad1e141517223845084bee28374a3691780da10b9b4ba192bb9ec8e1612,179593,63989929887,110129,\x23b872dd000000000000000000000000ecc6b71b294cd4e1baf87e95fb1086b835bb4eba00000000000000000000000009b5027ef3a3b7332ee90321e558bad9c4447afa000000000000000000000000000000000000000000000000000000000003d554,\xe3e8c8d98190cb1492ae0b773e144cd83d91e5c557d35eb53fd16f3fd1a56763,DynamicFee,,83534660951,2000000000,2000000000
2022-07-11T20:28:08+00:00,5,77,True,\x3cafc86a98b77eedcd3db0ee0ae562d7fe1897a2,\xc36442b4a4522e871399cd717abdd847ab11fe88,0,15123511,\x8d6bb3dcfc4874885c384b8b6e4b13a75d9f25719daba21a2d18cfc08ac2d493,179593,40779273636,110129,\x23b872dd000000000000000000000000ecc6b71b294cd4e1baf87e95fb1086b835bb4eba00000000000000000000000009b5027ef3a3b7332ee90321e558bad9c4447afa000000000000000000000000000000000000000000000000000000000003d5ba,\xf4ad5244abea748eff0934d40b7b03ea8f2c615e150128a82f9b305dbf5faec8,DynamicFee,,71882210686,2000000000,2000000000
2022-07-11T20:32:27+00:00,6,236,True,\x3cafc86a98b77eedcd3db0ee0ae562d7fe1897a2,\xc36442b4a4522e871399cd717abdd847ab11fe88,0,15123534,\x031fd66f757bf43c86da3364f7bf975175e263de90078afd797eb1786feadf1e,179593,32867956782,110129,\x23b872dd000000000000000000000000ecc6b71b294cd4e1baf87e95fb1086b835bb4eba00000000000000000000000009b5027ef3a3b7332ee90321e558bad9c4447afa000000000000000000000000000000000000000000000000000000000003dc47,\x4c23bc304ba9d75e4657b308b4e74b668ebc00aa9cdfbe4eb34477fd9fb4e9f9,DynamicFee,,60886243895,2000000000,2000000000
2022-07-11T20:32:51+00:00,7,212,True,\x3cafc86a98b77eedcd3db0ee0ae562d7fe1897a2,\xc36442b4a4522e871399cd717abdd847ab11fe88,0,15123535,\xaf7b92e06c44406133411fbddd26443a60b19cb38d2894b9772f0b2b4f701bc5,179593,36721089449,110129,\x23b872dd000000000000000000000000ecc6b71b294cd4e1baf87e95fb1086b835bb4eba00000000000000000000000009b5027ef3a3b7332ee90321e558bad9c4447afa000000000000000000000000000000000000000000000000000000000003dd7d,\x9b346e06326da642ed8c51fa40a419479ef2c8a48884ab3ab0e6767ec68e076f,DynamicFee,,55382489691,2000000000,2000000000
2022-07-11T20:33:13+00:00,8,67,True,\x3cafc86a98b77eedcd3db0ee0ae562d7fe1897a2,\xc36442b4a4522e871399cd717abdd847ab11fe88,0,15123538,\x450461b5944ae4759cf78601f795b9540ff83b44bb057397b478c3c1c8422a9a,179593,37834007971,110129,\x23b872dd000000000000000000000000ecc6b71b294cd4e1baf87e95fb1086b835bb4eba00000000000000000000000009b5027ef3a3b7332ee90321e558bad9c4447afa000000000000000000000000000000000000000000000000000000000003ddd7,\x1846ca9748de3c36de847e03cfb41d2bf8b0d9020e95b5ed4f6f8b81afcafb72,DynamicFee,,54475526530,2000000000,2000000000
2022-07-11T20:35:22+00:00,9,132,True,\x3cafc86a98b77eedcd3db0ee0ae562d7fe1897a2,\xc36442b4a4522e871399cd717abdd847ab11fe88,0,15123551,\xa51c1ca4f7a881fe03c33effdba990586acf130c6967216d4ae09b66932541b5,179593,28511045547,110129,\x23b872dd000000000000000000000000ecc6b71b294cd4e1baf87e95fb1086b835bb4eba00000000000000000000000009b5027ef3a3b7332ee90321e558bad9c4447afa000000000000000000000000000000000000000000000000000000000003de27,\x304a3941f4892f2f7291641b8600336da37bc46da97239cf44619c68ade0a3b7,DynamicFee,,60967505891,2000000000,2000000000
2022-07-11T20:35:34+00:00,10,128,True,\x3cafc86a98b77eedcd3db0ee0ae562d7fe1897a2,\xc36442b4a4522e871399cd717abdd847ab11fe88,0,15123552,\x07f8e9dc9a67ba9a917a99695d34a7e14e92a025dd4ebf8930549d128bf48d8f,179593,30122638293,110129,\x23b872dd000000000000000000000000ecc6b71b294cd4e1baf87e95fb1086b835bb4eba00000000000000000000000009b5027ef3a3b7332ee90321e558bad9c4447afa000000000000000000000000000000000000000000000000000000000003f622,\x9841f38ae4998824ed35bc6a970861cb302b13334a8086c8dac5077f8b6e3f52,DynamicFee,,47068777430,2000000000,2000000000
2022-07-11T20:36:21+00:00,11,158,True,\x3cafc86a98b77eedcd3db0ee0ae562d7fe1897a2,\xc36442b4a4522e871399cd717abdd847ab11fe88,0,15123555,\xbb518e48898ea1ff714ef91b8a60b83c830e56e676216276444f200b114d003e,179593,32685745646,110129,\x23b872dd000000000000000000000000ecc6b71b294cd4e1baf87e95fb1086b835bb4eba00000000000000000000000009b5027ef3a3b7332ee90321e558bad9c4447afa000000000000000000000000000000000000000000000000000000000003e37b,\xa351595ddf92770bb7129ae744aa21a244eedb1880bc3f4036dd188b7a1fa77e,DynamicFee,,52260059194,2000000000,2000000000
2022-07-11T20:36:45+00:00,12,25,True,\x3cafc86a98b77eedcd3db0ee0ae562d7fe1897a2,\xc36442b4a4522e871399cd717abdd847ab11fe88,0,15123556,\x3cde096f651f3c2f36f9df93ddc5b7fc4dba6177685dd0d5ad0dbbf67316aca3,179593,35499361811,110129,\x23b872dd000000000000000000000000ecc6b71b294cd4e1baf87e95fb1086b835bb4eba00000000000000000000000009b5027ef3a3b7332ee90321e558bad9c4447afa000000000000000000000000000000000000000000000000000000000003e020,\x10e7f20a435882e7add5781e9f2c6721dec3b59a68842c57de50645283ad95f4,DynamicFee,,50522316810,2000000000,2000000000
2022-07-11T20:43:50+00:00,28,8,True,\x3cafc86a98b77eedcd3db0ee0ae562d7fe1897a2,\xc36442b4a4522e871399cd717abdd847ab11fe88,0,15123591,\xf5c895b09d35e29aaaec5dfa27086588fc6af3311c56065c80d9387cbc39bc39,179593,25349380173,95529,\x23b872dd00000000000000000000000015c853bdafc9132544a10ed222aeab1f239414fe00000000000000000000000009b5027ef3a3b7332ee90321e558bad9c4447afa000000000000000000000000000000000000000000000000000000000003fb44,\x8f3040fe5ab4ddfa8b984edbab863295ae3e191d23cda0b8525f5e79c8774cbc,DynamicFee,,43908851663,2000000000,2000000000
2022-07-11T20:37:02+00:00,13,196,True,\x3cafc86a98b77eedcd3db0ee0ae562d7fe1897a2,\xc36442b4a4522e871399cd717abdd847ab11fe88,0,15123558,\x3c09a40c6739f835a3cf47911795a333b0240bdf47202c6effb5e46f468b8c4c,179593,31688245060,110129,\x23b872dd000000000000000000000000ecc6b71b294cd4e1baf87e95fb1086b835bb4eba00000000000000000000000009b5027ef3a3b7332ee90321e558bad9c4447afa000000000000000000000000000000000000000000000000000000000003e01d,\x6600440f00e45bd1ad273ee08bdfe8f4127e26c69681ef31f47d0730e9f1df0d,DynamicFee,,50522316810,2000000000,2000000000
2022-07-11T20:37:02+00:00,14,258,True,\x3cafc86a98b77eedcd3db0ee0ae562d7fe1897a2,\xc36442b4a4522e871399cd717abdd847ab11fe88,0,15123558,\x3c09a40c6739f835a3cf47911795a333b0240bdf47202c6effb5e46f468b8c4c,179593,31688245060,100329,\x23b872dd000000000000000000000000ecc6b71b294cd4e1baf87e95fb1086b835bb4eba00000000000000000000000009b5027ef3a3b7332ee90321e558bad9c4447afa000000000000000000000000000000000000000000000000000000000003def0,\x016cc146cb1228dbd0b5f553f465e8be748fd9e160e8713c3c5e53ebb383f640,DynamicFee,,58948915079,2000000000,2000000000
2022-07-11T20:37:39+00:00,15,235,True,\x3cafc86a98b77eedcd3db0ee0ae562d7fe1897a2,\xc36442b4a4522e871399cd717abdd847ab11fe88,0,15123561,\x65302651b6db1ad34865b8234382c78e3878688e0791d2f0634d8e60394b4e40,164893,31404938971,100329,\x23b872dd000000000000000000000000ecc6b71b294cd4e1baf87e95fb1086b835bb4eba00000000000000000000000009b5027ef3a3b7332ee90321e558bad9c4447afa000000000000000000000000000000000000000000000000000000000003deee,\x41e6b20854217ccb0fdd50270187644570ab8dad261fdf81485e4f2a954009f1,DynamicFee,,57962048166,2000000000,2000000000
2022-07-11T20:37:39+00:00,16,259,True,\x3cafc86a98b77eedcd3db0ee0ae562d7fe1897a2,\xc36442b4a4522e871399cd717abdd847ab11fe88,0,15123561,\x65302651b6db1ad34865b8234382c78e3878688e0791d2f0634d8e60394b4e40,179593,31404938971,110129,\x23b872dd000000000000000000000000ecc6b71b294cd4e1baf87e95fb1086b835bb4eba00000000000000000000000009b5027ef3a3b7332ee90321e558bad9c4447afa000000000000000000000000000000000000000000000000000000000003dea0,\x56dce638ee67d444fa2236481991cff8cb4f2a1d0b9f330ea47c2e6ccda97962,DynamicFee,,57962048166,2000000000,2000000000
2022-07-11T20:38:25+00:00,17,53,True,\x3cafc86a98b77eedcd3db0ee0ae562d7fe1897a2,\xc36442b4a4522e871399cd717abdd847ab11fe88,0,15123563,\x53e7ded552df75e153e6b59ef9c3e9be428e0204fcd949a5d81e97ce49d1ece1,179593,33508212191,110129,\x23b872dd000000000000000000000000ecc6b71b294cd4e1baf87e95fb1086b835bb4eba00000000000000000000000009b5027ef3a3b7332ee90321e558bad9c4447afa000000000000000000000000000000000000000000000000000000000003de42,\x24106fcfc1da121fb734e40315aa242eb35930504727cca003bfb7e238b06400,DynamicFee,,57962048166,2000000000,2000000000
2022-07-11T20:38:36+00:00,18,188,True,\x3cafc86a98b77eedcd3db0ee0ae562d7fe1897a2,\xc36442b4a4522e871399cd717abdd847ab11fe88,0,15123564,\x7b5f03e0c8c03ffe76aa9ee79637a6e503e02b5df1eee4870b73e379268cec7e,179593,32779103252,110129,\x23b872dd000000000000000000000000ecc6b71b294cd4e1baf87e95fb1086b835bb4eba00000000000000000000000009b5027ef3a3b7332ee90321e558bad9c4447afa000000000000000000000000000000000000000000000000000000000003ddf1,\xf019f0d782688ff4fd9e1df8aab4bacb9acd929df9dd5924a68cf890ca17b058,DynamicFee,,51988396251,2000000000,2000000000
2022-07-11T20:40:28+00:00,19,239,True,\x3cafc86a98b77eedcd3db0ee0ae562d7fe1897a2,\xc36442b4a4522e871399cd717abdd847ab11fe88,0,15123573,\x918cc43baa5bbf24d08e30b3436cdca6fe110e33c2473c4a2c78a921375f181b,179593,32007330677,110129,\x23b872dd000000000000000000000000ecc6b71b294cd4e1baf87e95fb1086b835bb4eba00000000000000000000000009b5027ef3a3b7332ee90321e558bad9c4447afa000000000000000000000000000000000000000000000000000000000003dc45,\xe0e5e7ae3a72e691d17535293cea9e9fda25cb6f7db1b67cc1345c4e5273a87b,DynamicFee,,45266664683,2000000000,2000000000
2022-07-11T20:40:28+00:00,20,303,True,\x3cafc86a98b77eedcd3db0ee0ae562d7fe1897a2,\xc36442b4a4522e871399cd717abdd847ab11fe88,0,15123573,\x918cc43baa5bbf24d08e30b3436cdca6fe110e33c2473c4a2c78a921375f181b,179593,32007330677,110129,\x23b872dd000000000000000000000000ecc6b71b294cd4e1baf87e95fb1086b835bb4eba00000000000000000000000009b5027ef3a3b7332ee90321e558bad9c4447afa000000000000000000000000000000000000000000000000000000000003da55,\x8622b980c7432de65448741c814454c204c1a9c0ab76043f37b92441c8b88263,DynamicFee,,48983296417,2000000000,2000000000
2022-07-11T20:41:05+00:00,21,78,True,\x3cafc86a98b77eedcd3db0ee0ae562d7fe1897a2,\xc36442b4a4522e871399cd717abdd847ab11fe88,0,15123574,\x8f22e434f9cf6bd57cd60ff14e5fac4df7e31330b19d48c6521001edd52ebbdf,179593,35679467266,110129,\x23b872dd000000000000000000000000ecc6b71b294cd4e1baf87e95fb1086b835bb4eba00000000000000000000000009b5027ef3a3b7332ee90321e558bad9c4447afa000000000000000000000000000000000000000000000000000000000003d6ed,\xc614f3ddc8ee866e605d9f0d56ae80d02afb9a474e6201f74f3a4ae4e1d0c54b,DynamicFee,,48983296417,2000000000,2000000000
2022-07-11T20:41:16+00:00,22,42,True,\x3cafc86a98b77eedcd3db0ee0ae562d7fe1897a2,\xc36442b4a4522e871399cd717abdd847ab11fe88,0,15123576,\x630f3116075843e6af8e447fba0480860b738e311872e2cfb146980884dd7791,179593,34134601113,110129,\x23b872dd000000000000000000000000ecc6b71b294cd4e1baf87e95fb1086b835bb4eba00000000000000000000000009b5027ef3a3b7332ee90321e558bad9c4447afa000000000000000000000000000000000000000000000000000000000003d69e,\x65e7bcdd12aa2a68a8ce91acda0cc4524a312d5a6e66e53d2295b90da2fff617,DynamicFee,,48983296417,2000000000,2000000000
2022-07-11T20:41:22+00:00,23,213,True,\x3cafc86a98b77eedcd3db0ee0ae562d7fe1897a2,\xc36442b4a4522e871399cd717abdd847ab11fe88,0,15123578,\xa7d75ab4998861950033ddc3db0eb9d0034886d6d90cd6a5e3e5a869b960181b,179593,27681286252,110129,\x23b872dd000000000000000000000000ecc6b71b294cd4e1baf87e95fb1086b835bb4eba00000000000000000000000009b5027ef3a3b7332ee90321e558bad9c4447afa000000000000000000000000000000000000000000000000000000000003d5e2,\x3e909dcbba491745d9582ca6b9f8fcf44084d035ad253a50f80f67426edb33d8,DynamicFee,,56628821893,2000000000,2000000000
2022-07-11T20:41:40+00:00,24,144,True,\x3cafc86a98b77eedcd3db0ee0ae562d7fe1897a2,\xc36442b4a4522e871399cd717abdd847ab11fe88,0,15123579,\x2d1681594f09166bbb7de4aa980ec7203452fd4fa49f1a1e0d7b841906c68f8e,164893,30240173856,110129,\x23b872dd000000000000000000000000ecc6b71b294cd4e1baf87e95fb1086b835bb4eba00000000000000000000000009b5027ef3a3b7332ee90321e558bad9c4447afa000000000000000000000000000000000000000000000000000000000003d5dd,\xa3ddcbf19d483e8265bda65b54803b24459603bc0df632afe1bd9080286ef967,DynamicFee,,51895070431,2000000000,2000000000
2022-07-11T20:41:57+00:00,25,37,True,\x3cafc86a98b77eedcd3db0ee0ae562d7fe1897a2,\xc36442b4a4522e871399cd717abdd847ab11fe88,0,15123580,\x7db8f2f20f42019976bfdfdb52e5ce4dcce7f9115b324623aaaa0070c15cb321,164893,31372703514,95529,\x23b872dd000000000000000000000000ecc6b71b294cd4e1baf87e95fb1086b835bb4eba00000000000000000000000009b5027ef3a3b7332ee90321e558bad9c4447afa000000000000000000000000000000000000000000000000000000000003d5d5,\xafb7f78069c912beb50778145c3711e3181e57546f71ae2a6ccc2acdb470499d,DynamicFee,,45658186629,2000000000,2000000000
2022-07-11T20:43:21+00:00,26,81,True,\x3cafc86a98b77eedcd3db0ee0ae562d7fe1897a2,\xc36442b4a4522e871399cd717abdd847ab11fe88,0,15123588,\x1deb0d8c5b649cb31c90b32456bd1318a89f6585fc220d805cd03c06bd04c3b8,164893,26708437021,100329,\x23b872dd00000000000000000000000015c853bdafc9132544a10ed222aeab1f239414fe00000000000000000000000009b5027ef3a3b7332ee90321e558bad9c4447afa00000000000000000000000000000000000000000000000000000000000408ba,\xcff23a469a51d4c52897d55b54ddf501d56fe9fc187f9354046440b3c21a730a,DynamicFee,,45952112124,2000000000,2000000000
2022-07-11T20:43:35+00:00,27,86,True,\x3cafc86a98b77eedcd3db0ee0ae562d7fe1897a2,\xc36442b4a4522e871399cd717abdd847ab11fe88,0,15123590,\xfa9e0b9ece1f777fb42733b5ec6819e511e19ae0f7f7617903261c17df0da744,179593,24154406912,100329,\x23b872dd00000000000000000000000015c853bdafc9132544a10ed222aeab1f239414fe00000000000000000000000009b5027ef3a3b7332ee90321e558bad9c4447afa000000000000000000000000000000000000000000000000000000000003fb4a,\x0af8cecfa5ae03956d02ad4cace408512b5bb105ec303717616f7587f7a9fd3b,DynamicFee,,42989787382,2000000000,2000000000
2022-07-12T15:59:05+00:00,29,35,True,\x3cafc86a98b77eedcd3db0ee0ae562d7fe1897a2,\xc36442b4a4522e871399cd717abdd847ab11fe88,0,15128782,\x367a73f146da37561e1eb7c58d3cf1dea1ba56129d8ef7a9962bf0bb4bfc86e0,190543,38857224551,112629,\x23b872dd000000000000000000000000ecc6b71b294cd4e1baf87e95fb1086b835bb4eba000000000000000000000000a9bba21e5b16f9b135eb185a4f8d2618edad8db100000000000000000000000000000000000000000000000000000000000415d6,\xec747052258a708e74f9f0e95ca29c6f1b60fd9ff5aba2c64cbdc98dcf259107,DynamicFee,,65228250342,2000000000,2000000000
2022-07-13T12:31:41+00:00,30,312,True,\x3cafc86a98b77eedcd3db0ee0ae562d7fe1897a2,\xc36442b4a4522e871399cd717abdd847ab11fe88,0,15134274,\xb666b210ca06493dbed9004198f7f37e7bb7fb0c30f3271b53e55740aa1651e4,164893,43453077157,95529,\x23b872dd000000000000000000000000ecc6b71b294cd4e1baf87e95fb1086b835bb4eba000000000000000000000000a9bba21e5b16f9b135eb185a4f8d2618edad8db10000000000000000000000000000000000000000000000000000000000041777,\x10ea316bb60268c854dfaf452c2018054ae7dc57d692a43d1a83cabda78d6523,DynamicFee,,46006677119,2000000000,2000000000
2022-07-13T16:29:06+00:00,31,43,True,\x3cafc86a98b77eedcd3db0ee0ae562d7fe1897a2,\xc36442b4a4522e871399cd717abdd847ab11fe88,0,15135319,\x623770053da2db412f2f6267ecddaea31e0a2dab4f23dc488d594590943b3b97,164893,36381155075,95529,\x23b872dd000000000000000000000000ecc6b71b294cd4e1baf87e95fb1086b835bb4eba000000000000000000000000a9bba21e5b16f9b135eb185a4f8d2618edad8db1000000000000000000000000000000000000000000000000000000000004179c,\x5f1699b7fecad6c37441d56bb4fc81ea358a9325a3ff9ff5d5138213247aa145,DynamicFee,,67393086127,2000000000,2000000000
2022-07-11T16:15:17+00:00,3,140,True,\x727a4bfe7fb2f70c218a2408709651706ec60a81,\xc36442b4a4522e871399cd717abdd847ab11fe88,0,15122346,\xbe98572574326f4fc273a2c9509edb0b06210124cc456e8884749413fd067f7f,164893,137781063512,95529,\x23b872dd00000000000000000000000071bb0d6fb740d052bd3cb3db600c0be6bf9a0b41000000000000000000000000727a4bfe7fb2f70c218a2408709651706ec60a81000000000000000000000000000000000000000000000000000000000001309d,\x6af78010fdb083901c064187bb74ec7b1deb256a90352ed40617e0cc766f019e,DynamicFee,,236187633207,2000000000,2000000000
2022-07-11T16:18:12+00:00,4,137,True,\x727a4bfe7fb2f70c218a2408709651706ec60a81,\xc36442b4a4522e871399cd717abdd847ab11fe88,0,15122355,\x34ff43d824122e444989b2e7cc5944ccd473842957ff80a86760aaf5c534a80d,364995,179676222980,243331,\xac9650d80000000000000000000000000000000000000000000000000000000000000020000000000000000000000000000000000000000000000000000000000000000400000000000000000000000000000000000000000000000000000000000000800000000000000000000000000000000000000000000000000000000000000160000000000000000000000000000000000000000000000000000000000000022000000000000000000000000000000000000000000000000000000000000002a000000000000000000000000000000000000000000000000000000000000000a40c49ccbe000000000000000000000000000000000000000000000000000000000001309d0000000000000000000000000000000000000000000000000000529d8bcf1735000000000000000000000000000000000000000000000000000000000000000000000000000000000000000000000000000000000000000000153240914a28230000000000000000000000000000000000000000000000000000000062cc541b000000000000000000000000000000000000000000000000000000000000000000000000000000000000000000000000000000000000000000000084fc6f7865000000000000000000000000000000000000000000000000000000000001309d000000000000000000000000000000000000000000000000000000000000000000000000000000000000000000000000ffffffffffffffffffffffffffffffff00000000000000000000000000000000ffffffffffffffffffffffffffffffff00000000000000000000000000000000000000000000000000000000000000000000000000000000000000000000000000000000000000000000004449404b7c00000000000000000000000000000000000000000000000000171dc4e5caf9fd000000000000000000000000727a4bfe7fb2f70c218a2408709651706ec60a81000000000000000000000000000000000000000000000000000000000000000000000000000000000000000000000000000000000000000000000064df2ab5bb000000000000000000000000a0b86991c6218b36c1d19d4a2e9eb0ce3606eb48000000000000000000000000000000000000000000000000000000000010d2ee000000000000000000000000727a4bfe7fb2f70c218a2408709651706ec60a8100000000000000000000000000000000000000000000000000000000,\x4a6a5212889daf3ba66e3169266da3519a4a0170c2703b4bfcbab8033ac486f9,DynamicFee,,247848923125,1500000000,1500000000
2022-07-11T16:21:29+00:00,5,40,True,\x727a4bfe7fb2f70c218a2408709651706ec60a81,\xc36442b4a4522e871399cd717abdd847ab11fe88,0,15122369,\xe82f1ae99d5ea9706f7c4e3af80a214439050ce4653a1fd90ecb32686888c231,164893,199772211053,95529,\x23b872dd000000000000000000000000f21ef71bb86a9ed406d6fcb19ab8041e7323798a000000000000000000000000727a4bfe7fb2f70c218a2408709651706ec60a81000000000000000000000000000000000000000000000000000000000003f5eb,\x96625552a2a5a107e9c8409e9600d42b3d0fc8cf21b0c4e36c29a53ddbf6bf72,DynamicFee,,322521869034,2000000000,2000000000
2022-07-11T16:23:06+00:00,6,116,True,\x727a4bfe7fb2f70c218a2408709651706ec60a81,\x7de91b204c1c737bcee6f000aaa6569cf7061cb7,0,15122376,\x48a2721ab92c6444e928737d90cfe23539c1e0bddb5d251d88822efcd9c5dc97,89172,168988182219,54648,\x23b872dd000000000000000000000000f21ef71bb86a9ed406d6fcb19ab8041e7323798a000000000000000000000000727a4bfe7fb2f70c218a2408709651706ec60a81000000000000000000000000000000000000000000000000000003a3c1fa952c,\x41af59def0f21a503301139b421c752c9ff0aa8a9b79a372423d12c8b9301e57,DynamicFee,,351248159787,2000000000,2000000000
2022-07-11T16:32:27+00:00,7,166,True,\x727a4bfe7fb2f70c218a2408709651706ec60a81,\xc36442b4a4522e871399cd717abdd847ab11fe88,0,15122411,\x4e4d43bbb7daf2daba058e2aa18d9f8d9f1dceadc4b1eb93c43d2da14cb5e79e,482032,75694070106,321356,\xac9650d80000000000000000000000000000000000000000000000000000000000000020000000000000000000000000000000000000000000000000000000000000000400000000000000000000000000000000000000000000000000000000000000800000000000000000000000000000000000000000000000000000000000000160000000000000000000000000000000000000000000000000000000000000022000000000000000000000000000000000000000000000000000000000000002a000000000000000000000000000000000000000000000000000000000000000a40c49ccbe000000000000000000000000000000000000000000000000000000000003f5eb0000000000000000000000000000000000000000000000000022ba4adc47f9e1000000000000000000000000000000000000000000000000000004191b5db083000000000000000000000000000000000000000000000000218f094bc57196cf0000000000000000000000000000000000000000000000000000000062cc5785000000000000000000000000000000000000000000000000000000000000000000000000000000000000000000000000000000000000000000000084fc6f7865000000000000000000000000000000000000000000000000000000000003f5eb000000000000000000000000000000000000000000000000000000000000000000000000000000000000000000000000ffffffffffffffffffffffffffffffff00000000000000000000000000000000ffffffffffffffffffffffffffffffff00000000000000000000000000000000000000000000000000000000000000000000000000000000000000000000000000000000000000000000004449404b7c000000000000000000000000000000000000000000000000223abdc549b8c30b000000000000000000000000727a4bfe7fb2f70c218a2408709651706ec60a81000000000000000000000000000000000000000000000000000000000000000000000000000000000000000000000000000000000000000000000064df2ab5bb000000000000000000000000582d872a1b094fc48f5de31d3b73f2d9be47def1000000000000000000000000000000000000000000000000000004250beca234000000000000000000000000727a4bfe7fb2f70c218a2408709651706ec60a8100000000000000000000000000000000000000000000000000000000,\xb788ba935e080c190296ec6e34abbc3fde086e83395ad1ca0d466bdf58c8c911,DynamicFee,,135926156230,2000000000,2000000000
2022-07-11T16:59:04+00:00,8,306,True,\x727a4bfe7fb2f70c218a2408709651706ec60a81,\x4cc511a34b89aa3f21d5bdfb4b4bbc9589345f98,0,15122520,\x285d2729d76e0d4c1ca35c099b7ed4b14740f1bc0b5fd2711d1a55672416da06,57518,44729885172,52718,\x23b872dd000000000000000000000000331eb4b698a3679ca6911f98771a8867c80602e3000000000000000000000000727a4bfe7fb2f70c218a2408709651706ec60a81000000000000000000000000000000000000000000000000000016e50bce92d8,\xd17de2caacb70314e36d48001c7ffafe853460018fef196f1531a23d5bd516fb,DynamicFee,,69937481670,1500000000,1500000000
2022-07-11T17:00:30+00:00,9,246,True,\x727a4bfe7fb2f70c218a2408709651706ec60a81,\xdc349913d53b446485e98b76800b6254f43df695,0,15122524,\xb614cbf557da10bc4e60861ce696bf2f796c8d4c3dda88844bd8fe2755d38e67,110713,48939213148,110713,\x23b872dd000000000000000000000000b3a4b054fe7b65bd8929f53d699f30a74003cd8b000000000000000000000000727a4bfe7fb2f70c218a2408709651706ec60a810000000000000000000000000000000000000000000000034b041f56b500b3ba,\x4155f5d6a51d9786a943dc71eaf6c8643897c811978838dcd3e90738c0f364be,DynamicFee,,78360040906,1500000000,1500000000
2022-07-11T17:00:30+00:00,10,308,True,\x727a4bfe7fb2f70c218a2408709651706ec60a81,\x0f5d2fb29fb7d3cfee444a200298f468908cc942,0,15122524,\xb614cbf557da10bc4e60861ce696bf2f796c8d4c3dda88844bd8fe2755d38e67,59871,48939213148,55071,\x23b872dd000000000000000000000000afc9cb7c2752468a20a16c6fcdefeb5d84c5b226000000000000000000000000727a4bfe7fb2f70c218a2408709651706ec60a8100000000000000000000000000000000000000000000003cb63149d7358c8000,\x4261848301eb8d4809b5687aadaed81fde0c1b7fd1b7012f1d9ea6caec03b34a,DynamicFee,,88816127756,1500000000,1500000000
